-- phpMyAdmin SQL Dump
-- version 4.9.7
-- https://www.phpmyadmin.net/
--
-- Host: localhost:3306
-- Generation Time: May 24, 2022 at 06:13 PM
-- Server version: 5.6.51-cll-lve
-- PHP Version: 7.3.32

SET SQL_MODE = "NO_AUTO_VALUE_ON_ZERO";
SET AUTOCOMMIT = 0;
START TRANSACTION;
SET time_zone = "+00:00";


/*!40101 SET @OLD_CHARACTER_SET_CLIENT=@@CHARACTER_SET_CLIENT */;
/*!40101 SET @OLD_CHARACTER_SET_RESULTS=@@CHARACTER_SET_RESULTS */;
/*!40101 SET @OLD_COLLATION_CONNECTION=@@COLLATION_CONNECTION */;
/*!40101 SET NAMES utf8mb4 */;

--
-- Database: `kmaproducts`
--

-- --------------------------------------------------------

--
-- Table structure for table `track_202230_animals`
--

CREATE TABLE `track_202230_animals` (
  `id` int(13) NOT NULL,
  `user_id` int(13) NOT NULL,
  `name` varchar(64) NOT NULL,
  `type` varchar(64) NOT NULL,
  `breed` varchar(64) NOT NULL,
  `description` text NOT NULL,
  `img` varchar(256) NOT NULL,
  `date_create` datetime NOT NULL
) ENGINE=InnoDB DEFAULT CHARSET=latin1;

--
-- Dumping data for table `track_202230_animals`
--

INSERT INTO `track_202230_animals` (`id`, `user_id`, `name`, `type`, `breed`, `description`, `img`, `date_create`) VALUES
(1, 6, 'Piano Practice', 'favorite', 'best', 'Enim aliquip nulla magna commodo aliqua consectetur consequat dolor consectetur proident id. Incididunt mollit dolor duis reprehenderit anim culpa ad culpa nulla laborum mollit. Amet exercitation excepteur proident ullamco nostrud sint est in anim nulla.', 'https://via.placeholder.com/400/708/fff/?text=Piano Practice', '2022-04-15 12:53:28'),
(2, 9, 'Piano Practice', 'hobby', 'good', 'Commodo aliquip ut ea cillum duis. Cupidatat dolore deserunt ex irure pariatur enim laboris eiusmod. Consequat et eu nulla est.', 'https://via.placeholder.com/400/746/fff/?text=Piano Practice', '2022-05-09 10:42:39'),
(3, 7, 'Running', 'goal', 'better', 'Non excepteur culpa duis enim officia. Do deserunt nisi irure occaecat ullamco minim reprehenderit magna. Aliquip officia fugiat aliquip consequat cupidatat incididunt eu.', 'https://via.placeholder.com/400/933/fff/?text=Running', '2022-01-07 04:29:22'),
(5, 8, 'Workout', 'favorite', 'best', 'Ad velit enim ut ex. Ex mollit excepteur elit proident. Nostrud velit sunt sint reprehenderit cupidatat dolor non nostrud non.', 'https://via.placeholder.com/400/772/fff/?text=Workout', '2022-03-02 06:18:28'),
(6, 9, 'Photography', 'favorite', 'better', 'Ex fugiat esse consequat elit nostrud fugiat sit est aliquip elit mollit nisi ea. Reprehenderit labore commodo sint mollit tempor ea commodo sint in nisi nostrud reprehenderit. Officia nostrud cupidatat do qui.', 'https://via.placeholder.com/400/971/fff/?text=Photography', '2022-01-26 09:25:32'),
(7, 8, 'Running', 'goal', 'good', 'Irure veniam et enim et commodo sit magna mollit non irure dolor occaecat. Anim enim sit est consequat. Commodo qui cillum exercitation dolore cupidatat commodo eu reprehenderit dolor officia dolor.', 'https://via.placeholder.com/400/769/fff/?text=Running', '2022-03-26 12:15:04'),
(8, 9, 'Photography', 'favorite', 'good', 'Esse irure aute reprehenderit occaecat. Excepteur nulla minim deserunt est quis sint. Incididunt duis enim incididunt magna esse eiusmod quis anim sit quis ex.', 'https://via.placeholder.com/400/893/fff/?text=Photography', '2022-04-23 06:38:13'),
(10, 7, 'Piano Practice', 'goal', 'better', 'Et proident dolore ullamco enim cupidatat do non esse Lorem velit et exercitation. Nisi laborum et pariatur nisi labore esse fugiat ex in velit reprehenderit nisi enim in. Lorem reprehenderit esse enim velit aute.', 'https://via.placeholder.com/400/839/fff/?text=Piano Practice', '2022-04-02 03:35:48'),
(11, 7, 'Lettering Design', 'goal', 'good', 'Veniam nulla deserunt labore non. Deserunt exercitation nostrud in ipsum ipsum magna. Velit proident exercitation nisi irure esse.', 'https://via.placeholder.com/400/796/fff/?text=Lettering Design', '2022-03-14 10:23:27'),
(12, 10, 'Photography', 'goal', 'best', 'Velit culpa elit cillum qui dolor. Occaecat et commodo tempor et do non esse. Veniam do velit proident velit culpa voluptate irure.', 'https://via.placeholder.com/400/923/fff/?text=Photography', '2022-03-23 05:02:18'),
(13, 6, 'Lettering Design', 'hobby', 'better', 'Dolor consectetur velit minim adipisicing excepteur fugiat aute. Elit velit ea aliqua culpa duis amet dolore ex mollit reprehenderit incididunt aliqua eiusmod. Et excepteur incididunt do non.', 'https://via.placeholder.com/400/902/fff/?text=Lettering Design', '2022-05-06 07:30:10'),
(14, 7, 'Piano Practice', 'goal', 'good', 'Quis minim ad qui dolore. Culpa consequat in id consectetur fugiat ad Lorem consectetur proident. Aute et officia enim ullamco adipisicing minim officia nulla adipisicing.', 'https://via.placeholder.com/400/947/fff/?text=Piano Practice', '2022-05-12 07:57:13'),
(15, 2, 'Photography', 'hobby', 'better', 'Nisi laborum aliqua ad nostrud enim exercitation nulla. Do non nulla quis ad id ex consectetur aliqua ipsum officia. Duis fugiat ut proident consectetur nostrud est non.', 'https://via.placeholder.com/400/986/fff/?text=Photography', '2022-01-15 04:37:28'),
(17, 10, 'Piano Practice', 'hobby', 'best', 'Laborum adipisicing magna incididunt aute aute sunt do. Occaecat minim est tempor fugiat id deserunt adipisicing duis. Est officia nulla dolore esse fugiat voluptate commodo irure ex.', 'https://via.placeholder.com/400/762/fff/?text=Piano Practice', '2022-05-20 01:15:33'),
(19, 7, 'Running', 'favorite', 'better', 'Sint exercitation ipsum dolor nisi excepteur qui cupidatat sint sunt excepteur. Voluptate esse dolore ullamco dolore et duis labore exercitation eiusmod. Id magna adipisicing anim qui reprehenderit nisi fugiat laboris est.', 'https://via.placeholder.com/400/763/fff/?text=Running', '2022-04-14 03:19:16'),
(20, 6, 'Running', 'hobby', 'good', 'Aute duis culpa exercitation ea non exercitation esse consequat. Veniam voluptate tempor fugiat anim duis incididunt elit sunt non ad excepteur cupidatat est. Est tempor dolor mollit reprehenderit in aliqua laboris duis amet minim ullamco magna magna sint.', 'https://via.placeholder.com/400/884/fff/?text=Running', '2022-01-14 02:55:40'),
(21, 4, 'Piano Practice', 'hobby', 'better', 'Dolore pariatur veniam pariatur laborum. Laboris proident Lorem ex laboris sint occaecat. Mollit consequat exercitation sit pariatur nulla exercitation.', 'https://via.placeholder.com/400/743/fff/?text=Piano Practice', '2022-01-22 05:42:27'),
(22, 4, 'Lettering Design', 'goal', 'better', 'Irure eu fugiat deserunt exercitation quis dolore excepteur fugiat exercitation duis. Sit ea proident dolor id laborum sit in commodo. Aute Lorem elit anim aliquip laborum adipisicing elit aliqua fugiat esse aliquip tempor.', 'https://via.placeholder.com/400/716/fff/?text=Lettering Design', '2022-02-14 06:38:25'),
(24, 2, 'Lettering Design', 'favorite', 'best', 'Cupidatat occaecat culpa in tempor in pariatur ad ullamco quis deserunt exercitation. Qui deserunt consequat proident eu ex ea minim exercitation deserunt. Eu non non sunt id aute fugiat minim commodo.', 'https://via.placeholder.com/400/909/fff/?text=Lettering Design', '2022-04-08 12:55:44'),
(25, 6, 'Workout', 'goal', 'good', 'Qui aliqua duis dolore incididunt. Consequat dolor cillum nisi dolor consequat deserunt ullamco voluptate esse mollit exercitation. Eiusmod dolore veniam incididunt dolor veniam.', 'https://via.placeholder.com/400/899/fff/?text=Workout', '2022-05-06 11:38:12'),
(26, 2, 'Piano Practice', 'hobby', 'good', 'Sit minim commodo id ad voluptate proident occaecat excepteur elit cillum proident nostrud. Excepteur veniam cupidatat minim deserunt anim elit anim sit ipsum laborum commodo eu. Labore do fugiat nostrud incididunt.', 'https://via.placeholder.com/400/869/fff/?text=Piano Practice', '2022-04-24 04:07:07'),
(28, 9, 'Piano Practice', 'goal', 'better', 'Eu consequat fugiat nostrud esse officia eu aliqua minim enim in ipsum. Id veniam nulla nostrud Lorem ipsum nostrud cupidatat fugiat amet. Laborum occaecat sint ullamco esse velit tempor id enim ad tempor eu pariatur ipsum.', 'https://via.placeholder.com/400/949/fff/?text=Piano Practice', '2022-04-09 12:08:22'),
(29, 3, 'Workout!', 'hobby', 'good', 'Lorem culpa cillum laboris dolore. Laboris ipsum officia esse non laborum ut ullamco magna irure velit consectetur cillum. Deserunt fugiat fugiat non proident id qui cillum laboris enim aute dolor reprehenderit proident dolore.', 'https://via.placeholder.com/400/793/fff/?text=Workout', '2022-05-19 01:21:12'),
(31, 7, 'Reading', 'hobby', 'best', 'Cillum enim deserunt eiusmod incididunt. Occaecat pariatur enim dolore anim exercitation ea occaecat ea est ex in sit. Culpa duis laborum et aute velit dolore veniam.', 'https://via.placeholder.com/400/800/fff/?text=Reading', '2022-01-26 05:48:30'),
(32, 10, 'Workout', 'favorite', 'good', 'Cupidatat excepteur officia ex dolore sunt. Ipsum eu deserunt amet cupidatat reprehenderit veniam. Eu qui in irure nisi ad deserunt.', 'https://via.placeholder.com/400/875/fff/?text=Workout', '2022-01-13 04:05:54'),
(33, 9, 'Photography', 'goal', 'better', 'Commodo proident ad elit duis elit ad elit dolore velit irure in nisi. Cillum reprehenderit qui tempor reprehenderit minim sit eu proident consequat. Qui quis enim consequat dolor mollit proident adipisicing adipisicing tempor et amet nostrud.', 'https://via.placeholder.com/400/701/fff/?text=Photography', '2022-04-24 05:02:08'),
(34, 6, 'Photography', 'favorite', 'good', 'Occaecat ut exercitation officia qui sunt sit non officia excepteur aliquip. Adipisicing et Lorem ullamco aute cillum anim ut eu eiusmod elit. Ea ea quis pariatur cillum mollit est veniam nostrud commodo.', 'https://via.placeholder.com/400/784/fff/?text=Photography', '2022-01-14 03:03:33'),
(35, 10, 'Piano Practice', 'favorite', 'better', 'Est nulla consequat culpa irure voluptate laborum tempor elit in consequat amet. Tempor in sit cillum ullamco. Qui nisi aliqua officia do excepteur laborum et minim aliqua adipisicing non.', 'https://via.placeholder.com/400/733/fff/?text=Piano Practice', '2022-03-06 09:02:09'),
(36, 1, 'Lettering Design', 'hobby', 'good', 'Minim ad sint occaecat deserunt et. Consequat est labore enim reprehenderit. Eiusmod est pariatur consectetur nulla elit elit ad nulla magna ea commodo sit.', '', '2022-05-03 07:59:02'),
(37, 10, 'Lettering Design', 'goal', 'best', 'Tempor ad cillum nisi ea veniam ipsum anim ullamco. In aliquip commodo dolor dolore eu sunt consequat pariatur mollit. Laborum sunt proident elit eiusmod deserunt elit dolor.', 'https://via.placeholder.com/400/864/fff/?text=Lettering Design', '2022-04-17 09:16:40'),
(38, 4, 'Workout', 'goal', 'best', 'Esse ipsum enim irure reprehenderit laboris quis sunt esse ea excepteur aute tempor id occaecat. Nisi excepteur sunt quis labore. Tempor magna est dolor culpa esse pariatur magna deserunt consectetur est dolor aliquip fugiat velit.', 'https://via.placeholder.com/400/926/fff/?text=Workout', '2022-02-22 09:45:55'),
(39, 6, 'Running', 'goal', 'better', 'Nisi labore eiusmod enim officia adipisicing id in adipisicing tempor officia in enim. Sunt ex eu commodo id aute reprehenderit aute quis fugiat reprehenderit irure in labore aliquip. In ipsum esse esse consequat nostrud ea aute ullamco.', 'https://via.placeholder.com/400/783/fff/?text=Running', '2022-02-05 10:22:20'),
(40, 8, 'Piano Practice', 'favorite', 'better', 'Ut nostrud nisi in laborum id. Proident consectetur minim velit anim voluptate aute laboris aliqua culpa quis. Non est occaecat commodo sit est.', 'https://via.placeholder.com/400/868/fff/?text=Piano Practice', '2022-01-31 05:56:40'),
(41, 2, 'Piano Practice', 'goal', 'better', 'Do tempor exercitation sint consectetur occaecat in. Occaecat velit occaecat commodo ad irure eu laboris consequat cupidatat excepteur amet exercitation laboris irure. Voluptate dolor cillum magna commodo deserunt ex culpa velit aute ut dolore fugiat velit.', 'https://via.placeholder.com/400/737/fff/?text=Piano Practice', '2022-02-09 07:47:52'),
(42, 8, 'Lettering Design', 'favorite', 'good', 'Et ex sunt anim voluptate culpa tempor. Nostrud ullamco laboris id ullamco nostrud quis esse proident duis ad. Dolor occaecat labore et velit cupidatat in consectetur id est Lorem excepteur.', 'https://via.placeholder.com/400/846/fff/?text=Lettering Design', '2022-03-26 01:45:56'),
(44, 4, 'Workout', 'favorite', 'best', 'Ad pariatur adipisicing et voluptate ut aute reprehenderit duis duis sint. Id eu qui cupidatat ullamco reprehenderit ad officia qui culpa deserunt est ad velit amet. Ut culpa cupidatat ex fugiat.', 'https://via.placeholder.com/400/781/fff/?text=Workout', '2022-03-19 02:49:30'),
(45, 9, 'Piano Practice', 'hobby', 'better', 'Sint dolor nisi id ea sunt qui commodo aliqua sit voluptate labore esse. Est tempor voluptate laboris veniam ut reprehenderit enim laborum est Lorem labore nisi occaecat. Tempor officia velit non officia nostrud.', 'https://via.placeholder.com/400/815/fff/?text=Piano Practice', '2022-01-17 07:41:59'),
(46, 3, 'Photography', 'goal', 'good', 'Veniam deserunt ea proident qui voluptate nisi nulla et sunt consectetur adipisicing elit aliquip aute. Qui dolore amet est nostrud ex nostrud nulla tempor amet cillum commodo incididunt. Duis Lorem velit incididunt exercitation voluptate duis laborum ea non culpa id sit anim nostrud.', 'https://via.placeholder.com/400/803/fff/?text=Photography', '2022-01-29 12:54:33'),
(47, 6, 'Photography', 'goal', 'best', 'Nostrud eiusmod veniam ea fugiat proident reprehenderit commodo ex fugiat mollit quis ex. Ullamco culpa minim ipsum quis nulla pariatur duis nulla ut. Labore in anim tempor mollit id consectetur sint cillum deserunt id magna et.', 'https://via.placeholder.com/400/841/fff/?text=Photography', '2022-01-01 08:18:51'),
(48, 10, 'Workout', 'goal', 'good', 'Nisi veniam duis magna duis ad culpa culpa labore Lorem occaecat proident commodo. Consequat excepteur mollit nisi reprehenderit aliqua. Mollit esse dolore sint ut labore veniam.', 'https://via.placeholder.com/400/701/fff/?text=Workout', '2022-02-10 04:45:04'),
(49, 3, 'Reading', 'favorite', 'better', 'Adipisicing dolor aliquip proident elit proident in. Voluptate minim duis proident non irure ex duis nulla labore id tempor qui sit voluptate. Consectetur voluptate officia amet in dolor.', 'https://via.placeholder.com/400/997/fff/?text=Reading', '2022-05-17 08:30:06'),
(50, 2, 'Piano Practice', 'favorite', 'better', 'Culpa in exercitation id deserunt est eiusmod incididunt. Veniam voluptate minim exercitation magna. Commodo quis amet duis velit elit eu Lorem.', 'https://via.placeholder.com/400/720/fff/?text=Piano Practice', '2022-05-10 10:57:28'),
(51, 8, 'new', 'new', 'new', 'new', 'https://via.placeholder.com/400/?text=ANIMAL', '2022-05-23 22:30:42'),
(58, 11, 'Reading', 'hobby', 'good', 'Read a book here', 'uploads/1653380754.2289_blaz-photo-zMRLZh40kms-unsplash.jpg', '2022-05-24 00:42:34'),
(59, 11, 'Workout', 'health', 'better', 'core workout', 'uploads/1653378243.8132_kelly-sikkema-IZOAOjvwhaM-unsplash.jpg', '2022-05-24 00:44:50'),
(60, 11, 'Piano practice', 'Favorite', 'best', 'practiced the piano', 'uploads/1653378376.4935_markus-gjengaar-v3l8kTbPhzA-unsplash.jpg', '2022-05-24 00:46:52'),
(61, 11, 'Running ', 'Favorite', 'better', 'running', 'uploads/1653378536.9291_IMG_1853.JPG', '2022-05-24 00:49:13');

-- --------------------------------------------------------

--
-- Table structure for table `track_202230_locations`
--

CREATE TABLE `track_202230_locations` (
  `id` int(13) NOT NULL,
  `animal_id` int(13) NOT NULL,
  `lat` decimal(8,6) NOT NULL,
  `lng` decimal(9,6) NOT NULL,
  `description` text NOT NULL,
  `photo` varchar(256) NOT NULL,
  `icon` varchar(256) NOT NULL,
  `date_create` datetime NOT NULL
) ENGINE=InnoDB DEFAULT CHARSET=latin1;

--
-- Dumping data for table `track_202230_locations`
--

INSERT INTO `track_202230_locations` (`id`, `animal_id`, `lat`, `lng`, `description`, `photo`, `icon`, `date_create`) VALUES
(1, 44, 37.773925, -122.490527, 'Et elit eu proident officia quis aliqua. Eiusmod aute qui nostrud laborum exercitation. Enim magna culpa ipsum ad ullamco consectetur commodo fugiat non incididunt fugiat laboris incididunt laborum.', 'https://via.placeholder.com/400/', 'https://via.placeholder.com/400/?text=ICON', '2022-05-13 12:45:53'),
(2, 35, 37.702761, -122.425273, 'Irure ullamco cupidatat tempor irure nostrud esse aliqua nisi non ad reprehenderit duis sit do. Officia irure sint ad qui aute aute labore aliquip nisi adipisicing et duis sint sit. Voluptate Lorem est et amet pariatur qui est deserunt sit ex est eiusmod amet sit.', 'https://via.placeholder.com/400/', 'https://via.placeholder.com/400/?text=ICON', '2022-01-02 02:44:48'),
(3, 46, 37.762612, -122.400544, 'Nostrud laborum mollit sint excepteur adipisicing qui enim occaecat. Dolor ipsum aute reprehenderit enim mollit fugiat sunt quis ullamco quis nisi reprehenderit. Ipsum ut dolor ex dolor qui pariatur eiusmod magna est.', 'https://via.placeholder.com/400/', 'https://via.placeholder.com/400/?text=ICON', '2022-04-13 04:54:31'),
(4, 42, 37.800274, -122.467614, 'Nostrud ullamco reprehenderit occaecat ex aute. Laboris ut aliqua quis occaecat sit ipsum occaecat occaecat laboris exercitation. Excepteur eu eiusmod adipisicing commodo irure velit Lorem minim culpa dolor id consectetur amet.', 'https://via.placeholder.com/400/', 'https://via.placeholder.com/400/?text=ICON', '2022-01-06 02:08:51'),
(5, 25, 37.760944, -122.460148, 'Officia et quis Lorem ullamco veniam ad excepteur. Est enim aliqua exercitation ea eiusmod amet duis. Cillum in dolor qui sunt in tempor.', 'https://via.placeholder.com/400/', 'https://via.placeholder.com/400/?text=ICON', '2022-01-21 09:01:54'),
(6, 41, 37.745770, -122.502425, 'Dolore et fugiat esse occaecat culpa magna ex cillum. Irure adipisicing elit aute anim in qui Lorem. Tempor aliqua eu non dolor officia consectetur laboris laboris ad laborum consectetur sint magna minim.', 'https://via.placeholder.com/400/', 'https://via.placeholder.com/400/?text=ICON', '2022-04-26 11:48:25'),
(7, 22, 37.756407, -122.475044, 'Laborum ad occaecat esse aute ullamco dolore dolore amet aute. Duis eu nisi reprehenderit deserunt nulla consequat dolore officia amet irure irure cillum laborum eiusmod. Ad sunt duis aliquip dolore exercitation elit id.', 'https://via.placeholder.com/400/', 'https://via.placeholder.com/400/?text=ICON', '2022-03-26 07:15:00'),
(8, 30, 37.776597, -122.395919, 'Reprehenderit velit est officia ipsum non. Consequat nostrud esse adipisicing eiusmod ut Lorem. Minim sint adipisicing Lorem anim culpa deserunt laborum irure esse id officia.', 'https://via.placeholder.com/400/', 'https://via.placeholder.com/400/?text=ICON', '2022-01-08 10:09:37'),
(9, 32, 37.741275, -122.451805, 'Exercitation pariatur dolor laboris velit officia incididunt eiusmod veniam. Occaecat nisi occaecat officia labore proident aute velit. Esse id velit occaecat dolor Lorem irure excepteur quis.', 'https://via.placeholder.com/400/', 'https://via.placeholder.com/400/?text=ICON', '2022-02-07 12:05:34'),
(10, 38, 37.716594, -122.447253, 'Eu qui ea fugiat magna veniam nulla dolor sunt voluptate nisi ad cupidatat est dolore. Occaecat mollit pariatur nulla velit quis ad amet culpa incididunt. Exercitation laborum in irure sit consectetur.', 'https://via.placeholder.com/400/', 'https://via.placeholder.com/400/?text=ICON', '2022-03-09 07:26:24'),
(11, 42, 37.776655, -122.485526, 'Fugiat aute dolor magna nostrud do esse aute est non reprehenderit aliqua consequat. Mollit aliqua et mollit elit duis tempor. Amet sunt duis sunt aliqua laboris.', 'https://via.placeholder.com/400/', 'https://via.placeholder.com/400/?text=ICON', '2022-04-12 07:48:48'),
(12, 44, 37.702147, -122.488594, 'Occaecat laboris duis voluptate proident sit enim eiusmod. Eu dolor fugiat nostrud ullamco. Aute voluptate ex enim est magna ex aute commodo laborum.', 'https://via.placeholder.com/400/', 'https://via.placeholder.com/400/?text=ICON', '2022-02-10 04:03:16'),
(13, 42, 37.729009, -122.502540, 'Nisi commodo eiusmod commodo amet velit cupidatat officia esse excepteur quis cillum. Labore duis mollit tempor sit occaecat minim incididunt do. Id et fugiat eu elit proident do in velit voluptate.', 'https://via.placeholder.com/400/', 'https://via.placeholder.com/400/?text=ICON', '2022-03-08 07:12:10'),
(14, 12, 37.740949, -122.431051, 'Anim excepteur ex in commodo sit Lorem. Incididunt do dolor veniam pariatur sit officia. Reprehenderit sint elit Lorem non cillum.', 'https://via.placeholder.com/400/', 'https://via.placeholder.com/400/?text=ICON', '2022-01-13 03:14:21'),
(15, 11, 37.764935, -122.484731, 'In id nulla cupidatat cupidatat quis sit. Ex fugiat occaecat laborum labore commodo pariatur qui aliquip. Consectetur pariatur magna ipsum ipsum ullamco laborum esse commodo.', 'https://via.placeholder.com/400/', 'https://via.placeholder.com/400/?text=ICON', '2022-05-14 10:26:50'),
(16, 48, 37.716421, -122.468184, 'Sunt reprehenderit dolore ex enim minim ipsum aliqua officia consequat proident. Minim et ea do labore anim laboris qui nisi pariatur est. Aliqua cillum nisi ipsum elit esse Lorem sunt irure amet cupidatat amet aliquip consectetur.', 'https://via.placeholder.com/400/', 'https://via.placeholder.com/400/?text=ICON', '2022-03-05 03:14:58'),
(17, 27, 37.698726, -122.419098, 'Laborum labore commodo do laborum cillum sit tempor sint. Do culpa est mollit magna sunt adipisicing ipsum et occaecat consectetur do aliquip irure quis. Commodo laboris magna qui sit deserunt esse duis aliqua voluptate nostrud nisi incididunt.', 'https://via.placeholder.com/400/', 'https://via.placeholder.com/400/?text=ICON', '2022-03-12 02:40:45'),
(18, 12, 37.791336, -122.436135, 'Veniam dolor velit cupidatat est incididunt duis ad sit consequat dolor officia. Enim ut fugiat cupidatat nulla eu duis. Ad aliquip est aliquip consequat dolor dolor ut anim in et occaecat adipisicing et non.', 'https://via.placeholder.com/400/', 'https://via.placeholder.com/400/?text=ICON', '2022-03-18 03:30:40'),
(19, 37, 37.694571, -122.479284, 'Tempor deserunt excepteur sunt aute voluptate tempor. Ea cupidatat aliquip consequat fugiat id irure ullamco labore do laborum irure velit. Reprehenderit et et dolor enim aliqua Lorem id Lorem magna nisi cillum ut.', 'https://via.placeholder.com/400/', 'https://via.placeholder.com/400/?text=ICON', '2022-05-01 03:43:26'),
(20, 45, 37.789527, -122.457953, 'Et pariatur consectetur quis tempor sit incididunt ipsum. Enim nostrud excepteur cillum voluptate. Cupidatat aute elit eiusmod eiusmod exercitation voluptate.', 'https://via.placeholder.com/400/', 'https://via.placeholder.com/400/?text=ICON', '2022-02-11 12:14:24'),
(21, 45, 37.699632, -122.395209, 'Consectetur magna laborum proident non aliquip non proident occaecat magna. Eiusmod dolore dolor aliqua excepteur Lorem veniam. Esse sint eiusmod minim eiusmod labore anim pariatur sunt est officia commodo sit culpa sit.', 'https://via.placeholder.com/400/', 'https://via.placeholder.com/400/?text=ICON', '2022-04-24 03:56:12'),
(22, 33, 37.747798, -122.394722, 'Exercitation dolor nostrud est esse est est enim ipsum et incididunt deserunt velit nulla. Aliquip adipisicing officia consectetur qui fugiat exercitation cillum culpa nisi sint. Commodo ad commodo amet incididunt ipsum anim anim.', 'https://via.placeholder.com/400/', 'https://via.placeholder.com/400/?text=ICON', '2022-02-21 09:51:39'),
(23, 15, 37.770946, -122.503071, 'Aliquip excepteur cupidatat exercitation esse duis irure et est culpa consectetur adipisicing proident culpa tempor. Culpa amet aute exercitation Lorem officia qui ut ad Lorem magna incididunt et. Ea in tempor cupidatat sit aute nostrud ad.', 'https://via.placeholder.com/400/', 'https://via.placeholder.com/400/?text=ICON', '2022-01-15 01:14:58'),
(24, 2, 37.782275, -122.415058, 'Esse elit irure eu ad esse. Voluptate ad ex reprehenderit ullamco excepteur consequat nulla do. Voluptate nulla laboris officia nisi consectetur elit.', 'https://via.placeholder.com/400/', 'https://via.placeholder.com/400/?text=ICON', '2022-05-12 08:35:51'),
(25, 16, 37.702807, -122.414898, 'Irure officia elit ex id id id. Dolor eiusmod do esse consequat consequat nulla. Aute deserunt laboris deserunt occaecat nulla.', 'https://via.placeholder.com/400/', 'https://via.placeholder.com/400/?text=ICON', '2022-02-27 09:07:28'),
(26, 12, 37.717721, -122.473158, 'Adipisicing culpa deserunt voluptate aliqua dolor consequat adipisicing ea qui anim. Id amet id id qui dolor ut. Nostrud labore minim esse elit est laborum magna laborum.', 'https://via.placeholder.com/400/', 'https://via.placeholder.com/400/?text=ICON', '2022-02-10 11:02:02'),
(27, 27, 37.741077, -122.489886, 'Consectetur sint aliquip labore fugiat pariatur ea nisi laborum anim ullamco pariatur quis qui laborum. Sit ipsum consequat eu elit cillum eu incididunt eu tempor anim labore. Eiusmod dolor sit et occaecat cupidatat anim sunt nisi sit mollit ipsum.', 'https://via.placeholder.com/400/', 'https://via.placeholder.com/400/?text=ICON', '2022-04-13 03:55:29'),
(28, 39, 37.779503, -122.393040, 'Ex ad dolor cupidatat aliquip sint fugiat dolor labore eiusmod sit consectetur ullamco cupidatat duis. Duis cillum laborum minim ullamco nisi id incididunt deserunt consequat elit ipsum tempor incididunt. Nostrud nostrud ad laborum eiusmod occaecat.', 'https://via.placeholder.com/400/', 'https://via.placeholder.com/400/?text=ICON', '2022-01-17 11:33:53'),
(29, 5, 37.726442, -122.498771, 'Sunt do voluptate laboris cillum ipsum veniam eiusmod sunt. Laboris esse eiusmod tempor cillum sunt incididunt do ipsum aute excepteur cupidatat exercitation adipisicing. Fugiat duis reprehenderit occaecat Lorem duis adipisicing aliqua.', 'https://via.placeholder.com/400/', 'https://via.placeholder.com/400/?text=ICON', '2022-01-29 10:34:07'),
(30, 49, 37.795822, -122.505212, 'Aliqua ex qui quis ipsum incididunt fugiat sint. Non laborum ea aute elit aliqua dolor. In qui cupidatat commodo nulla duis do deserunt id reprehenderit deserunt.', 'https://via.placeholder.com/400/', 'https://via.placeholder.com/400/?text=ICON', '2022-01-22 10:10:22'),
(31, 33, 37.767293, -122.416099, 'Labore et excepteur nisi esse non. Labore ipsum irure est ea excepteur esse velit tempor velit reprehenderit. Anim do minim in velit nostrud occaecat minim eu ea eu amet.', 'https://via.placeholder.com/400/', 'https://via.placeholder.com/400/?text=ICON', '2022-02-16 07:02:19'),
(32, 40, 37.747423, -122.425565, 'Dolor laborum aliqua fugiat excepteur culpa eiusmod irure laborum eu. Id magna adipisicing ipsum nulla labore elit eu cupidatat magna ullamco est cillum. Nulla ex excepteur consequat eiusmod officia aliqua velit in sunt non.', 'https://via.placeholder.com/400/', 'https://via.placeholder.com/400/?text=ICON', '2022-01-25 01:47:22'),
(33, 47, 37.755662, -122.412406, 'Nisi nulla amet laborum elit commodo pariatur est exercitation duis. Cillum sit tempor reprehenderit tempor duis nulla laboris. Exercitation amet exercitation consequat tempor consectetur proident minim amet.', 'https://via.placeholder.com/400/', 'https://via.placeholder.com/400/?text=ICON', '2022-05-14 02:08:41'),
(34, 5, 37.748490, -122.424195, 'Proident dolore veniam adipisicing tempor et cillum enim duis. Ullamco amet minim labore eu minim ex aliquip dolor. Deserunt sunt fugiat nostrud ullamco.', 'https://via.placeholder.com/400/', 'https://via.placeholder.com/400/?text=ICON', '2022-03-03 10:06:09'),
(35, 28, 37.732577, -122.495840, 'Sint culpa velit commodo anim laborum eu incididunt est irure tempor sint. Est duis amet elit sit non velit Lorem sunt pariatur ullamco aliqua ea. In commodo dolor aliqua commodo et eu do.', 'https://via.placeholder.com/400/', 'https://via.placeholder.com/400/?text=ICON', '2022-02-28 05:10:16'),
(36, 43, 37.760813, -122.475414, 'Non in fugiat laborum et pariatur irure magna deserunt. Pariatur proident aliquip esse laboris deserunt consequat sunt ut est sunt sint cillum. Reprehenderit ex elit cillum minim deserunt do magna.', 'https://via.placeholder.com/400/', 'https://via.placeholder.com/400/?text=ICON', '2022-01-31 02:26:40'),
(37, 14, 37.800480, -122.445047, 'Consectetur nostrud pariatur id culpa anim elit. Eiusmod do non qui fugiat et duis labore cupidatat commodo sunt irure nisi. Voluptate ad aliqua duis quis aliqua veniam reprehenderit in laboris velit reprehenderit nisi in.', 'https://via.placeholder.com/400/', 'https://via.placeholder.com/400/?text=ICON', '2022-03-20 12:34:50'),
(38, 36, 37.741313, -122.428697, 'Laboris magna cupidatat ex magna ut qui anim esse magna laborum voluptate officia laboris dolor. Commodo pariatur elit cillum aliqua tempor irure ad laborum proident esse. Tempor pariatur ipsum ex est pariatur.', 'https://via.placeholder.com/400/', 'https://via.placeholder.com/400/?text=ICON', '2022-03-27 07:56:09'),
(39, 2, 37.758393, -122.434844, 'Minim officia labore ad officia. Nulla occaecat reprehenderit dolor incididunt excepteur sunt Lorem eu commodo deserunt. Exercitation velit dolore elit pariatur elit culpa excepteur fugiat eu nulla occaecat.', 'https://via.placeholder.com/400/', 'https://via.placeholder.com/400/?text=ICON', '2022-02-27 11:11:57'),
(40, 30, 37.774612, -122.442388, 'Magna occaecat sint non Lorem laboris officia quis fugiat ipsum do velit esse quis id. Ipsum non exercitation culpa laborum magna aute et elit ex non voluptate aliqua adipisicing. Aute consequat ut ipsum ex eu velit qui in non laboris non veniam Lorem adipisicing.', 'https://via.placeholder.com/400/', 'https://via.placeholder.com/400/?text=ICON', '2022-05-09 12:19:51'),
(41, 12, 37.700737, -122.454017, 'Occaecat aute excepteur amet ut ullamco do ullamco. Nostrud deserunt mollit amet esse nostrud minim mollit ut commodo. Mollit ut anim laboris elit velit irure in anim officia nostrud ipsum Lorem.', 'https://via.placeholder.com/400/', 'https://via.placeholder.com/400/?text=ICON', '2022-03-15 10:14:36'),
(42, 13, 37.776671, -122.454071, 'Fugiat cupidatat nisi qui excepteur dolore deserunt quis. Irure in dolor sit enim exercitation sit consectetur cillum. Esse nostrud eu laboris labore adipisicing commodo non aliqua.', 'https://via.placeholder.com/400/', 'https://via.placeholder.com/400/?text=ICON', '2022-03-01 03:59:13'),
(43, 6, 37.696094, -122.388219, 'Consectetur nisi mollit anim sunt culpa exercitation reprehenderit eiusmod non. Nisi qui do ex pariatur Lorem ullamco culpa laboris incididunt deserunt exercitation proident. Aliqua eu reprehenderit elit sint velit duis nulla minim consectetur voluptate aliquip.', 'https://via.placeholder.com/400/', 'https://via.placeholder.com/400/?text=ICON', '2022-01-20 02:06:48'),
(44, 19, 37.795617, -122.504814, 'Aliquip in mollit eiusmod aliqua esse Lorem id nostrud tempor. Ullamco culpa aliqua laboris sit. Exercitation sint laborum irure non magna.', 'https://via.placeholder.com/400/', 'https://via.placeholder.com/400/?text=ICON', '2022-03-31 06:32:23'),
(45, 28, 37.753712, -122.486909, 'Ad duis pariatur proident ipsum. Sit officia aliquip cupidatat eiusmod quis nostrud ullamco sunt duis cupidatat nulla irure consequat exercitation. Dolor do ad exercitation aute aute in laboris ut laborum aute veniam.', 'https://via.placeholder.com/400/', 'https://via.placeholder.com/400/?text=ICON', '2022-04-17 12:28:15'),
(46, 32, 37.737673, -122.467661, 'Cillum Lorem velit ad pariatur sunt mollit ullamco tempor mollit aliqua nisi ea minim occaecat. Minim nulla culpa velit pariatur dolore aliquip fugiat eu consectetur pariatur commodo non irure duis. Veniam minim qui pariatur reprehenderit officia veniam aliquip.', 'https://via.placeholder.com/400/', 'https://via.placeholder.com/400/?text=ICON', '2022-05-04 01:03:59'),
(47, 13, 37.696442, -122.428373, 'Pariatur ut commodo et culpa nostrud irure do Lorem dolor Lorem. Adipisicing qui nostrud consectetur voluptate nisi. Occaecat do veniam veniam anim cupidatat occaecat elit qui laborum incididunt dolore ullamco fugiat tempor.', 'https://via.placeholder.com/400/', 'https://via.placeholder.com/400/?text=ICON', '2022-01-12 05:13:08'),
(48, 14, 37.722164, -122.444009, 'Excepteur est Lorem non exercitation dolor tempor quis voluptate in. Laboris laborum nisi amet Lorem id est in occaecat ut fugiat nostrud et labore non. Occaecat deserunt magna labore culpa duis eu sit commodo fugiat.', 'https://via.placeholder.com/400/', 'https://via.placeholder.com/400/?text=ICON', '2022-03-24 09:54:39'),
(49, 40, 37.801893, -122.500984, 'Magna nulla id aliquip Lorem exercitation. Enim laboris nisi elit sunt. Dolore ad id aliquip excepteur mollit consectetur culpa dolore voluptate adipisicing.', 'https://via.placeholder.com/400/', 'https://via.placeholder.com/400/?text=ICON', '2022-05-05 07:15:38'),
(50, 6, 37.742761, -122.476986, 'Proident occaecat fugiat sit esse velit. Nisi nostrud adipisicing officia labore voluptate est dolore irure amet do ut aliqua. Est irure officia sint sunt officia non enim sit Lorem nostrud ut consectetur.', 'https://via.placeholder.com/400/', 'https://via.placeholder.com/400/?text=ICON', '2022-04-09 06:59:39'),
(51, 31, 37.718550, -122.488797, 'Est fugiat voluptate tempor magna. Excepteur amet nostrud sunt dolore exercitation. Dolore officia deserunt in irure in minim commodo irure laborum reprehenderit quis.', 'https://via.placeholder.com/400/', 'https://via.placeholder.com/400/?text=ICON', '2022-01-05 01:40:25'),
(52, 26, 37.703173, -122.440058, 'Anim ex nulla labore ex. Ad qui nulla nulla excepteur aliquip. Id voluptate nulla tempor tempor mollit duis aliquip.', 'https://via.placeholder.com/400/', 'https://via.placeholder.com/400/?text=ICON', '2022-03-09 05:47:56'),
(53, 19, 37.711570, -122.476016, 'Ullamco velit laboris excepteur sit ad consequat. Sint qui exercitation ea do culpa minim tempor labore amet irure. Sint non eu proident laboris anim laborum pariatur Lorem.', 'https://via.placeholder.com/400/', 'https://via.placeholder.com/400/?text=ICON', '2022-02-03 11:51:09'),
(54, 42, 37.698418, -122.393078, 'Culpa aute nulla pariatur exercitation dolore pariatur culpa incididunt esse pariatur. Aute nisi excepteur in minim elit sint tempor magna est. Irure duis culpa cupidatat do nulla excepteur do nostrud aliquip.', 'https://via.placeholder.com/400/', 'https://via.placeholder.com/400/?text=ICON', '2022-02-26 10:34:36'),
(55, 40, 37.753916, -122.438361, 'Labore anim fugiat eiusmod elit ipsum cillum nulla ipsum id ea. Consectetur nostrud id laborum cillum dolore qui quis do voluptate incididunt velit. Minim adipisicing ex ad aliquip ut veniam exercitation reprehenderit.', 'https://via.placeholder.com/400/', 'https://via.placeholder.com/400/?text=ICON', '2022-02-21 05:07:31'),
(56, 46, 37.690088, -122.460595, 'Sit ad veniam sit consectetur incididunt Lorem labore nulla eu sit. Sit occaecat nisi ut duis esse anim aliquip non nostrud in deserunt ullamco amet. Cillum aliqua velit cupidatat duis cillum laboris eu eu incididunt id tempor amet.', 'https://via.placeholder.com/400/', 'https://via.placeholder.com/400/?text=ICON', '2022-01-28 11:42:36'),
(57, 10, 37.697032, -122.426496, 'Ut est ipsum et ex cillum incididunt quis dolore duis. Ut aute tempor dolore eu amet enim reprehenderit consequat. Occaecat cillum do sint est do.', 'https://via.placeholder.com/400/', 'https://via.placeholder.com/400/?text=ICON', '2022-03-02 02:14:47'),
(58, 24, 37.787812, -122.497792, 'Adipisicing deserunt non elit non do. Tempor quis cupidatat aliquip esse deserunt consequat. Adipisicing consectetur non esse incididunt sunt ea eiusmod qui.', 'https://via.placeholder.com/400/', 'https://via.placeholder.com/400/?text=ICON', '2022-01-09 10:36:03'),
(59, 3, 37.793350, -122.441311, 'Amet aliquip cupidatat officia occaecat eiusmod excepteur qui eu sunt duis. Laborum incididunt ex sunt incididunt incididunt veniam pariatur consectetur consectetur ad occaecat. Anim voluptate id eiusmod ut consequat do laboris.', 'https://via.placeholder.com/400/', 'https://via.placeholder.com/400/?text=ICON', '2022-02-22 10:29:06'),
(60, 18, 37.710560, -122.414422, 'Officia dolor dolore esse amet esse amet elit eiusmod. In et ipsum eiusmod officia exercitation occaecat nisi fugiat magna. Dolore anim duis culpa reprehenderit duis est culpa excepteur mollit reprehenderit non et.', 'https://via.placeholder.com/400/', 'https://via.placeholder.com/400/?text=ICON', '2022-04-26 08:29:48'),
(61, 30, 37.700424, -122.396448, 'Ipsum dolore minim aliquip pariatur duis et laborum irure est elit quis qui irure minim. Irure nostrud laboris nostrud mollit reprehenderit eu id nulla ad nostrud anim incididunt esse. Dolor tempor consectetur elit laborum amet aliqua voluptate tempor ipsum culpa anim proident esse eu.', 'https://via.placeholder.com/400/', 'https://via.placeholder.com/400/?text=ICON', '2022-02-02 11:31:21'),
(62, 34, 37.784787, -122.462910, 'Culpa Lorem nulla dolore aliqua. Velit laboris ipsum ex sunt adipisicing sit consequat incididunt eiusmod aliquip proident id excepteur dolor. Quis minim commodo officia dolor nostrud ipsum cupidatat magna enim minim sunt adipisicing tempor.', 'https://via.placeholder.com/400/', 'https://via.placeholder.com/400/?text=ICON', '2022-02-28 10:54:06'),
(63, 11, 37.780920, -122.470816, 'Non veniam ipsum Lorem adipisicing sunt. In nisi esse qui eiusmod mollit. Fugiat nostrud reprehenderit laboris et proident voluptate ut mollit velit cillum veniam ipsum deserunt cupidatat.', 'https://via.placeholder.com/400/', 'https://via.placeholder.com/400/?text=ICON', '2022-05-03 06:26:57'),
(64, 20, 37.745474, -122.469081, 'Duis ullamco magna commodo aute mollit deserunt proident cillum eu consectetur laboris excepteur. Incididunt ex id non consequat ullamco magna do aute adipisicing dolor sit id proident. Esse fugiat eu nisi sint.', 'https://via.placeholder.com/400/', 'https://via.placeholder.com/400/?text=ICON', '2022-01-26 09:21:40'),
(65, 21, 37.781745, -122.504613, 'Proident mollit magna minim eiusmod et sint ad Lorem eu labore. Non culpa dolore consequat et pariatur velit incididunt consectetur. Dolore dolore occaecat sit Lorem minim do.', 'https://via.placeholder.com/400/', 'https://via.placeholder.com/400/?text=ICON', '2022-04-04 12:08:51'),
(66, 48, 37.707012, -122.439817, 'Laborum excepteur nulla exercitation occaecat. Enim eu sit incididunt nulla. Sint veniam ea est quis deserunt aliquip proident cupidatat irure proident labore consectetur.', 'https://via.placeholder.com/400/', 'https://via.placeholder.com/400/?text=ICON', '2022-04-20 07:21:06'),
(67, 22, 37.756770, -122.426060, 'Ea exercitation ad fugiat velit. Lorem id irure cupidatat velit Lorem sit proident dolore minim sint eu commodo. Non qui nostrud et in ipsum id fugiat aliqua veniam officia minim excepteur nulla.', 'https://via.placeholder.com/400/', 'https://via.placeholder.com/400/?text=ICON', '2022-02-15 08:10:02'),
(68, 50, 37.741632, -122.390758, 'Proident duis voluptate exercitation laborum sit ea. Id mollit occaecat reprehenderit do. Nisi in id culpa in laborum commodo eu tempor magna.', 'https://via.placeholder.com/400/', 'https://via.placeholder.com/400/?text=ICON', '2022-04-24 06:15:18'),
(69, 12, 37.707148, -122.412622, 'Nostrud exercitation consectetur consequat ut exercitation proident. Non sit do reprehenderit incididunt in velit consequat culpa duis Lorem consectetur amet fugiat amet. Cupidatat exercitation incididunt cillum tempor enim magna in duis.', 'https://via.placeholder.com/400/', 'https://via.placeholder.com/400/?text=ICON', '2022-03-12 07:05:03'),
(70, 25, 37.712521, -122.415808, 'Incididunt ea anim officia ipsum. In nulla ut cillum esse enim aute fugiat qui non est in ullamco. Et laborum nulla esse pariatur mollit sunt laborum nulla occaecat Lorem sint.', 'https://via.placeholder.com/400/', 'https://via.placeholder.com/400/?text=ICON', '2022-03-11 05:22:49'),
(71, 46, 37.709709, -122.410406, 'In adipisicing laborum duis in nostrud mollit nulla Lorem consequat velit. Commodo ad id Lorem non officia id aliquip non elit in. Et fugiat fugiat qui nostrud non.', 'https://via.placeholder.com/400/', 'https://via.placeholder.com/400/?text=ICON', '2022-01-13 04:54:36'),
(72, 11, 37.757514, -122.457821, 'Esse adipisicing nulla voluptate voluptate quis dolore laboris officia proident nisi aliqua pariatur. Tempor dolor et dolor id occaecat fugiat non voluptate in enim. Magna duis voluptate et fugiat proident aliquip ex ea laboris cupidatat quis voluptate.', 'https://via.placeholder.com/400/', 'https://via.placeholder.com/400/?text=ICON', '2022-03-31 09:41:34'),
(73, 33, 37.745859, -122.491984, 'Magna laborum do culpa nisi enim veniam consequat. Ea mollit esse eu sunt velit reprehenderit. Consectetur laboris minim adipisicing eu veniam mollit mollit ullamco incididunt in.', 'https://via.placeholder.com/400/', 'https://via.placeholder.com/400/?text=ICON', '2022-02-11 01:34:11'),
(74, 40, 37.800197, -122.395932, 'Aliquip id incididunt anim tempor tempor duis deserunt eiusmod enim minim. Eiusmod et enim sint do et exercitation. Nulla voluptate duis laboris officia et magna anim excepteur.', 'https://via.placeholder.com/400/', 'https://via.placeholder.com/400/?text=ICON', '2022-04-25 12:59:17'),
(75, 36, 37.792640, -122.436969, 'Ea minim pariatur ut fugiat cupidatat consectetur eiusmod elit reprehenderit laboris dolore. Sunt non nostrud aliquip amet quis ea aute sit commodo. Amet excepteur laborum reprehenderit laborum ullamco enim sunt magna eiusmod fugiat sunt et eu id.', 'https://via.placeholder.com/400/', 'https://via.placeholder.com/400/?text=ICON', '2022-02-25 07:48:09'),
(76, 50, 37.761883, -122.398939, 'Lorem eu mollit pariatur sunt nulla incididunt labore eiusmod anim ut. Officia ipsum aute aliquip qui pariatur proident nulla amet sint. Enim non et nulla veniam pariatur mollit in.', 'https://via.placeholder.com/400/', 'https://via.placeholder.com/400/?text=ICON', '2022-04-01 10:19:15'),
(77, 20, 37.772357, -122.468973, 'Officia tempor ipsum duis exercitation occaecat ad consequat excepteur adipisicing consectetur anim. Culpa ex officia ut excepteur aliqua labore. Aute Lorem adipisicing adipisicing labore laborum elit proident.', 'https://via.placeholder.com/400/', 'https://via.placeholder.com/400/?text=ICON', '2022-03-25 09:38:19'),
(78, 23, 37.747118, -122.401820, 'Et velit amet dolor anim non laboris ut. Irure dolore laboris nulla aute culpa esse et tempor. Consectetur exercitation incididunt mollit sit duis id.', 'https://via.placeholder.com/400/', 'https://via.placeholder.com/400/?text=ICON', '2022-05-03 02:11:21'),
(79, 40, 37.754709, -122.438011, 'Magna veniam mollit excepteur esse enim cillum sit duis anim mollit. Aliquip elit reprehenderit qui eu sit labore. Minim cupidatat quis eu irure est deserunt cupidatat.', 'https://via.placeholder.com/400/', 'https://via.placeholder.com/400/?text=ICON', '2022-03-29 01:20:26'),
(80, 12, 37.715504, -122.451345, 'Nulla ea commodo minim irure minim consectetur exercitation culpa anim reprehenderit occaecat magna. Duis voluptate officia incididunt id consequat labore eiusmod enim voluptate cillum. Ea ea minim ad proident elit.', 'https://via.placeholder.com/400/', 'https://via.placeholder.com/400/?text=ICON', '2022-01-04 10:06:03'),
(81, 41, 37.758103, -122.498921, 'Consequat aute culpa deserunt commodo laborum elit labore labore ea culpa sunt cillum. Lorem ut commodo ut deserunt laborum aliqua nostrud ea ad labore aliqua. Labore cupidatat nisi voluptate dolore nostrud ullamco magna mollit sunt reprehenderit dolor exercitation nostrud laborum.', 'https://via.placeholder.com/400/', 'https://via.placeholder.com/400/?text=ICON', '2022-03-18 08:58:24'),
(82, 36, 37.783397, -122.404646, 'Quis duis officia eu Lorem ad ipsum excepteur Lorem deserunt ipsum minim. Anim do laboris aute pariatur elit est ipsum. Deserunt officia deserunt do ad nulla nulla sint id adipisicing minim nisi.', 'https://via.placeholder.com/400/', 'https://via.placeholder.com/400/?text=ICON', '2022-02-02 11:23:21'),
(83, 29, 37.764342, -122.391348, 'Voluptate consequat occaecat quis in non proident amet sint ex tempor nostrud commodo sunt dolore. Non commodo exercitation minim laborum ad elit ipsum ut amet. In proident Lorem magna eu.', 'https://via.placeholder.com/400/', 'https://via.placeholder.com/400/?text=ICON', '2022-03-11 08:22:14'),
(84, 30, 37.719389, -122.449032, 'Enim excepteur amet sint occaecat. Id tempor deserunt consectetur id. Esse aliquip sunt esse Lorem sint sit reprehenderit quis cupidatat esse consectetur tempor nostrud.', 'https://via.placeholder.com/400/', 'https://via.placeholder.com/400/?text=ICON', '2022-04-19 01:03:40'),
(85, 24, 37.713403, -122.503130, 'Irure labore exercitation adipisicing cupidatat dolore sit laborum culpa dolor amet laborum. Ipsum tempor ea reprehenderit aliqua voluptate ullamco elit deserunt Lorem ipsum cupidatat quis sit. Enim qui laborum pariatur consequat labore duis incididunt nulla laboris.', 'https://via.placeholder.com/400/', 'https://via.placeholder.com/400/?text=ICON', '2022-03-10 01:45:53'),
(86, 30, 37.691266, -122.500049, 'Aliquip ea laborum et sit excepteur. Exercitation laboris magna fugiat eu sint irure aliquip commodo adipisicing laborum sunt adipisicing. Aute consequat incididunt laborum reprehenderit non quis id non laboris reprehenderit.', 'https://via.placeholder.com/400/', 'https://via.placeholder.com/400/?text=ICON', '2022-03-16 08:41:00'),
(87, 47, 37.710449, -122.471041, 'Velit nulla magna cupidatat ullamco quis nostrud anim minim. Culpa sit ex et commodo ipsum ad non excepteur ad elit ullamco qui. Magna eiusmod exercitation aliquip non mollit aliqua excepteur et incididunt et nisi consequat anim.', 'https://via.placeholder.com/400/', 'https://via.placeholder.com/400/?text=ICON', '2022-05-01 05:25:15'),
(88, 5, 37.742642, -122.387747, 'Sit pariatur laborum magna velit esse deserunt culpa commodo culpa. Velit excepteur deserunt aliqua minim est adipisicing do. Ea aute reprehenderit fugiat deserunt ad in et sint.', 'https://via.placeholder.com/400/', 'https://via.placeholder.com/400/?text=ICON', '2022-02-24 07:20:39'),
(89, 25, 37.780767, -122.403796, 'Cupidatat reprehenderit do id irure eu. Magna anim duis veniam veniam ipsum deserunt. Qui non velit mollit est officia cillum.', 'https://via.placeholder.com/400/', 'https://via.placeholder.com/400/?text=ICON', '2022-02-24 07:57:55'),
(90, 39, 37.696919, -122.476326, 'Excepteur sit veniam aliqua amet velit nisi. Dolor ea labore consequat do reprehenderit mollit veniam reprehenderit commodo consequat dolor deserunt. In velit non et quis.', 'https://via.placeholder.com/400/', 'https://via.placeholder.com/400/?text=ICON', '2022-03-24 12:43:54'),
(91, 36, 37.783990, -122.426286, 'Reprehenderit et excepteur sit aute ut Lorem voluptate voluptate incididunt ex quis sunt aliquip in. Cupidatat minim aliquip labore qui minim reprehenderit. Sunt aute id laboris in.', 'https://via.placeholder.com/400/', 'https://via.placeholder.com/400/?text=ICON', '2022-03-31 01:42:21'),
(92, 14, 37.796356, -122.428389, 'In exercitation ullamco pariatur commodo magna ullamco consequat consequat. Consequat velit amet reprehenderit cupidatat et amet ipsum sit do id et officia labore irure. Ut anim aute laborum excepteur reprehenderit cupidatat duis ad ea aute tempor.', 'https://via.placeholder.com/400/', 'https://via.placeholder.com/400/?text=ICON', '2022-03-17 12:22:38'),
(93, 43, 37.751381, -122.463464, 'Nisi deserunt tempor laboris sunt eiusmod ex officia exercitation in eiusmod eiusmod tempor est. Aute id aliqua dolore do adipisicing exercitation. Ex anim consectetur aliqua consequat ad ea irure.', 'https://via.placeholder.com/400/', 'https://via.placeholder.com/400/?text=ICON', '2022-05-11 10:46:42'),
(94, 34, 37.785773, -122.428101, 'Veniam occaecat ea incididunt elit. Eiusmod voluptate sit ullamco enim. In sint laborum anim dolor enim duis consequat Lorem.', 'https://via.placeholder.com/400/', 'https://via.placeholder.com/400/?text=ICON', '2022-02-23 09:25:20'),
(95, 30, 37.704675, -122.392543, 'Qui veniam deserunt sunt fugiat ipsum nostrud pariatur in. Id occaecat eiusmod culpa qui dolore. Aliquip commodo dolore est mollit laboris proident excepteur culpa exercitation amet qui dolore.', 'https://via.placeholder.com/400/', 'https://via.placeholder.com/400/?text=ICON', '2022-05-15 11:04:33'),
(96, 29, 37.692563, -122.471727, 'Ipsum cupidatat excepteur occaecat nulla excepteur eiusmod do. Tempor dolore commodo pariatur nulla id enim commodo cillum nostrud exercitation eiusmod aliqua laboris anim. Eiusmod cupidatat occaecat occaecat ex elit.', 'https://via.placeholder.com/400/', 'https://via.placeholder.com/400/?text=ICON', '2022-02-13 07:03:18'),
(97, 36, 37.694516, -122.418529, 'Ad pariatur minim eiusmod magna dolor irure sunt velit ex irure nisi sit esse mollit. Cillum Lorem mollit labore ea consequat qui qui exercitation non proident. Velit proident minim esse voluptate elit duis ullamco qui nisi veniam mollit in.', 'https://via.placeholder.com/400/', 'https://via.placeholder.com/400/?text=ICON', '2022-02-22 05:05:42'),
(98, 46, 37.721597, -122.411577, 'Esse non cupidatat nostrud aliqua amet nisi dolor culpa nostrud pariatur. Qui laboris consectetur duis sint sunt ea velit aliquip quis cillum. Amet nulla esse officia quis ipsum ipsum.', 'https://via.placeholder.com/400/', 'https://via.placeholder.com/400/?text=ICON', '2022-01-30 12:19:41'),
(99, 50, 37.715332, -122.397152, 'Cupidatat commodo labore adipisicing fugiat fugiat eiusmod non ad nisi deserunt officia voluptate. Mollit dolor officia consectetur pariatur nulla ea exercitation elit. Do voluptate eu adipisicing nulla laborum.', 'https://via.placeholder.com/400/', 'https://via.placeholder.com/400/?text=ICON', '2022-04-14 01:23:52'),
(100, 14, 37.699914, -122.412288, 'In est ut cupidatat anim in sunt velit sunt do. Ea aliquip et deserunt ea laborum incididunt est pariatur. Incididunt velit ad mollit occaecat.', 'https://via.placeholder.com/400/', 'https://via.placeholder.com/400/?text=ICON', '2022-01-20 10:09:08'),
(101, 40, 37.727113, -122.468313, 'Fugiat adipisicing veniam exercitation et exercitation ex veniam veniam incididunt. Magna ex consectetur culpa quis. Qui ullamco sit magna est ad proident irure magna ad aute id exercitation est mollit.', 'https://via.placeholder.com/400/', 'https://via.placeholder.com/400/?text=ICON', '2022-05-17 09:58:24'),
(102, 43, 37.704652, -122.493428, 'Qui minim voluptate fugiat sunt pariatur irure ipsum occaecat fugiat enim. Non cillum officia veniam in. Eiusmod enim commodo mollit quis in qui.', 'https://via.placeholder.com/400/', 'https://via.placeholder.com/400/?text=ICON', '2022-02-08 04:33:18'),
(103, 5, 37.749019, -122.443103, 'Nostrud eu tempor esse sunt nostrud minim incididunt anim cupidatat et. In sint quis ad qui ipsum cillum laboris excepteur. Ad consectetur qui sint dolore nisi proident in est cupidatat aliqua sint.', 'https://via.placeholder.com/400/', 'https://via.placeholder.com/400/?text=ICON', '2022-05-14 03:37:14'),
(104, 29, 37.764953, -122.475110, 'Esse laboris excepteur incididunt velit id eiusmod in ut. Pariatur labore enim magna nisi commodo excepteur. Officia magna qui officia magna excepteur consequat consectetur aliqua deserunt.', 'https://via.placeholder.com/400/', 'https://via.placeholder.com/400/?text=ICON', '2022-02-02 08:19:37'),
(105, 49, 37.768431, -122.505134, 'Magna dolore qui adipisicing nulla incididunt occaecat est sit mollit tempor in. Enim sunt enim excepteur ipsum occaecat aliqua. Ipsum elit nulla veniam sit mollit consequat deserunt laborum ullamco non do.', 'https://via.placeholder.com/400/', 'https://via.placeholder.com/400/?text=ICON', '2022-01-24 01:12:03'),
(106, 26, 37.795969, -122.490723, 'Ut elit consectetur amet dolore excepteur magna nostrud dolore do. Fugiat laborum ut duis ut laborum qui officia voluptate dolor ut adipisicing. Ipsum nisi consequat aliquip tempor aliqua consectetur aliquip.', 'https://via.placeholder.com/400/', 'https://via.placeholder.com/400/?text=ICON', '2022-03-02 06:38:49'),
(107, 22, 37.791769, -122.434609, 'Cupidatat ut nostrud fugiat incididunt quis sint Lorem cupidatat. Eiusmod eu est enim commodo consequat consectetur laboris cillum reprehenderit in incididunt. Aliqua pariatur consequat amet tempor ullamco mollit tempor est officia sunt reprehenderit eiusmod ipsum.', 'https://via.placeholder.com/400/', 'https://via.placeholder.com/400/?text=ICON', '2022-02-07 10:09:30'),
(108, 14, 37.792222, -122.408970, 'Anim fugiat laborum velit pariatur nisi do labore ex labore ad. Dolore nulla est mollit deserunt. Nisi quis et est ullamco officia culpa laborum in in qui.', 'https://via.placeholder.com/400/', 'https://via.placeholder.com/400/?text=ICON', '2022-02-07 08:42:35'),
(109, 20, 37.799501, -122.457277, 'Veniam labore voluptate cupidatat consectetur nulla commodo dolor incididunt laborum sint reprehenderit nulla ad. In eu irure commodo laboris aute deserunt laborum sint eiusmod. Voluptate eiusmod sunt reprehenderit incididunt ullamco nostrud.', 'https://via.placeholder.com/400/', 'https://via.placeholder.com/400/?text=ICON', '2022-02-05 06:26:52'),
(110, 9, 37.786867, -122.424204, 'Nisi ut culpa laboris nostrud tempor sit amet. Exercitation do ullamco irure labore minim officia cillum anim. Anim deserunt incididunt fugiat adipisicing dolor anim officia Lorem et eiusmod.', 'https://via.placeholder.com/400/', 'https://via.placeholder.com/400/?text=ICON', '2022-04-02 02:36:29'),
(111, 9, 37.736992, -122.399638, 'Non cillum officia velit ex laboris. Consectetur minim ipsum in cillum cupidatat irure labore nisi sunt ut reprehenderit aute. Officia tempor eu velit reprehenderit anim nulla elit ad sit irure duis ipsum sint esse.', 'https://via.placeholder.com/400/', 'https://via.placeholder.com/400/?text=ICON', '2022-02-16 11:41:17'),
(112, 9, 37.795973, -122.503870, 'Nulla velit fugiat eiusmod et pariatur aliquip elit deserunt ullamco labore quis Lorem deserunt voluptate. Aute consequat sit laborum sit consectetur irure sunt. Lorem eu aute eiusmod adipisicing quis adipisicing ea consectetur veniam sit amet.', 'https://via.placeholder.com/400/', 'https://via.placeholder.com/400/?text=ICON', '2022-05-16 08:12:19'),
(113, 42, 37.767611, -122.459854, 'Voluptate nisi ipsum ex quis adipisicing ipsum deserunt non occaecat. Ad in voluptate officia laborum minim in veniam amet exercitation. Cillum enim adipisicing labore magna esse sit cupidatat sint et reprehenderit anim.', 'https://via.placeholder.com/400/', 'https://via.placeholder.com/400/?text=ICON', '2022-03-10 08:03:34'),
(114, 1, 37.786002, -122.405921, 'Culpa in laborum irure anim cupidatat commodo occaecat do ullamco. Enim esse esse nisi dolore elit anim ut veniam minim sunt cillum tempor ea. Laborum eu labore laboris magna irure quis laboris.', 'https://via.placeholder.com/400/', 'https://via.placeholder.com/400/?text=ICON', '2022-05-03 04:03:46'),
(115, 4, 37.781310, -122.501658, 'Ad culpa officia culpa in laborum anim incididunt dolor non. In duis labore exercitation quis deserunt anim tempor. Magna do sit nulla elit ea eiusmod magna consequat mollit amet.', 'https://via.placeholder.com/400/', 'https://via.placeholder.com/400/?text=ICON', '2022-04-30 09:41:36'),
(116, 7, 37.692288, -122.417317, 'Minim cillum consequat ea culpa ullamco aute fugiat exercitation elit quis ullamco culpa. Laboris sit proident cupidatat dolore duis consequat minim irure irure officia. Esse voluptate deserunt aliqua labore.', 'https://via.placeholder.com/400/', 'https://via.placeholder.com/400/?text=ICON', '2022-02-28 05:31:12'),
(117, 31, 37.716679, -122.489109, 'Enim dolore eu labore veniam deserunt consequat et excepteur do aliqua laborum veniam ullamco. Excepteur exercitation magna ullamco quis qui fugiat. Deserunt aliquip ullamco nisi eu.', 'https://via.placeholder.com/400/', 'https://via.placeholder.com/400/?text=ICON', '2022-04-29 01:15:41'),
(118, 11, 37.746822, -122.479571, 'Nostrud est aute aute reprehenderit nulla ut ex non deserunt id amet. Consequat velit nulla deserunt excepteur aliquip pariatur sit nulla mollit adipisicing occaecat elit. Esse sunt nisi ea ut id occaecat mollit ut enim Lorem nisi anim.', 'https://via.placeholder.com/400/', 'https://via.placeholder.com/400/?text=ICON', '2022-04-30 07:34:20'),
(119, 38, 37.710834, -122.399354, 'In sint laborum nulla aliquip sit quis incididunt esse id. Qui ea esse elit nostrud excepteur aliquip nisi enim sit excepteur. Aliqua excepteur cillum exercitation qui voluptate incididunt qui veniam officia.', 'https://via.placeholder.com/400/', 'https://via.placeholder.com/400/?text=ICON', '2022-02-25 03:56:05'),
(120, 29, 37.716164, -122.440342, 'Laboris dolore quis Lorem non ex cupidatat ad enim deserunt et ad ex Lorem laborum. Dolore adipisicing ea quis exercitation ut ut nulla ipsum commodo nulla. Quis ea commodo eiusmod ea dolore aute ex dolore irure Lorem magna cupidatat.', 'https://via.placeholder.com/400/', 'https://via.placeholder.com/400/?text=ICON', '2022-03-28 05:00:20'),
(121, 49, 37.738791, -122.481866, 'Tempor mollit amet velit tempor ullamco eu consectetur consequat reprehenderit magna do sit. Amet id reprehenderit aliquip consectetur elit laborum consequat. In ipsum officia commodo sit sunt laboris elit qui nostrud qui eu cillum cupidatat.', 'https://via.placeholder.com/400/', 'https://via.placeholder.com/400/?text=ICON', '2022-02-11 01:15:29'),
(122, 44, 37.794964, -122.424463, 'Ad deserunt magna enim mollit. Fugiat nisi velit culpa consequat dolor eiusmod ea enim id non laboris. Tempor eu minim id sint ut aute culpa Lorem labore mollit duis.', 'https://via.placeholder.com/400/', 'https://via.placeholder.com/400/?text=ICON', '2022-02-03 05:50:03'),
(123, 12, 37.749676, -122.505977, 'Nostrud est laboris exercitation tempor veniam sunt cillum mollit ut in eu. Adipisicing et amet dolore qui mollit Lorem. Velit veniam incididunt ut nisi minim nisi culpa eu magna eu mollit veniam reprehenderit irure.', 'https://via.placeholder.com/400/', 'https://via.placeholder.com/400/?text=ICON', '2022-03-01 12:20:35'),
(124, 48, 37.756498, -122.451698, 'Culpa labore tempor et pariatur do duis enim duis nisi et. Ex voluptate veniam mollit ut sunt. Adipisicing nulla sit aute ipsum consequat consectetur elit incididunt nisi exercitation esse fugiat laborum consectetur.', 'https://via.placeholder.com/400/', 'https://via.placeholder.com/400/?text=ICON', '2022-04-26 03:26:20'),
(125, 38, 37.784758, -122.443522, 'Cupidatat tempor do incididunt sint est excepteur sint voluptate. Nostrud do adipisicing ea adipisicing quis enim aute qui exercitation qui veniam ut cupidatat aute. Aliquip veniam nulla reprehenderit anim nisi ea adipisicing officia cupidatat sit.', 'https://via.placeholder.com/400/', 'https://via.placeholder.com/400/?text=ICON', '2022-01-26 04:45:18'),
(126, 39, 37.709080, -122.416814, 'Ad adipisicing cillum nisi magna proident esse ut dolor aliquip qui consectetur exercitation. Qui ut fugiat ea sit id aliquip duis est anim incididunt. Eu dolore mollit consectetur veniam.', 'https://via.placeholder.com/400/', 'https://via.placeholder.com/400/?text=ICON', '2022-03-09 04:49:52'),
(127, 10, 37.718554, -122.472147, 'Esse enim voluptate eiusmod sint aute nulla est sunt elit reprehenderit et adipisicing. Amet occaecat magna consectetur sint aute nostrud aliqua velit irure ea consectetur eiusmod duis dolor. Dolore quis occaecat excepteur sint reprehenderit nostrud excepteur deserunt.', 'https://via.placeholder.com/400/', 'https://via.placeholder.com/400/?text=ICON', '2022-02-07 04:22:25'),
(128, 21, 37.765035, -122.472482, 'Ullamco sunt incididunt ullamco ullamco ullamco voluptate ad reprehenderit enim commodo irure aliqua irure elit. Qui do aute id dolor excepteur cupidatat duis mollit velit. Sint enim consectetur sint et excepteur eu consequat tempor officia enim labore.', 'https://via.placeholder.com/400/', 'https://via.placeholder.com/400/?text=ICON', '2022-02-05 03:01:59'),
(129, 22, 37.727252, -122.416748, 'Incididunt sit aliquip adipisicing reprehenderit eu laboris reprehenderit anim fugiat et sunt. Elit ipsum non aute excepteur aliquip cillum deserunt ea voluptate consequat exercitation mollit. Ad id tempor aute sit anim dolor excepteur irure dolor aliqua Lorem consectetur.', 'https://via.placeholder.com/400/', 'https://via.placeholder.com/400/?text=ICON', '2022-01-28 06:21:27'),
(130, 37, 37.701336, -122.494381, 'Ut excepteur in elit nisi cupidatat amet velit voluptate. Quis magna consectetur sit minim consectetur commodo. Dolor occaecat aliqua dolor Lorem nostrud reprehenderit ipsum sint do laborum irure fugiat.', 'https://via.placeholder.com/400/', 'https://via.placeholder.com/400/?text=ICON', '2022-02-25 10:05:04'),
(131, 12, 37.740100, -122.445995, 'Id dolore ipsum quis officia cupidatat. Anim eu laboris ad esse qui elit minim fugiat consectetur. Proident in ullamco aliqua commodo eu ullamco tempor magna magna fugiat sint.', 'https://via.placeholder.com/400/', 'https://via.placeholder.com/400/?text=ICON', '2022-04-17 03:24:56'),
(132, 13, 37.794095, -122.429617, 'Et sit veniam eiusmod ullamco ex irure adipisicing mollit amet veniam. Ipsum ut veniam labore sint adipisicing eu excepteur amet eiusmod amet adipisicing commodo. Eu Lorem commodo proident nostrud duis nulla et dolor.', 'https://via.placeholder.com/400/', 'https://via.placeholder.com/400/?text=ICON', '2022-03-25 10:08:23'),
(133, 41, 37.744013, -122.401639, 'Mollit aute id ullamco aliquip amet commodo. Enim reprehenderit sit labore ullamco ut Lorem officia sit sunt enim veniam. Eu esse eiusmod proident sunt culpa.', 'https://via.placeholder.com/400/', 'https://via.placeholder.com/400/?text=ICON', '2022-01-19 02:12:35'),
(134, 19, 37.787909, -122.492831, 'Excepteur velit sunt voluptate pariatur sunt et officia deserunt dolore. In exercitation non et aliqua elit. Do veniam aute fugiat adipisicing pariatur ullamco officia cillum ipsum dolor consectetur cupidatat id non.', 'https://via.placeholder.com/400/', 'https://via.placeholder.com/400/?text=ICON', '2022-05-21 04:09:21'),
(135, 39, 37.782316, -122.467496, 'Aute est aute enim incididunt deserunt qui. Ea ad qui minim ex et Lorem ut enim. Excepteur incididunt pariatur ex nostrud qui occaecat enim occaecat commodo.', 'https://via.placeholder.com/400/', 'https://via.placeholder.com/400/?text=ICON', '2022-04-29 09:40:24'),
(136, 50, 37.746771, -122.496740, 'Fugiat ut consequat aute cupidatat aliqua excepteur reprehenderit deserunt non eu ea ea enim. Amet dolor reprehenderit esse et aute. Consequat deserunt amet consectetur nisi non esse.', 'https://via.placeholder.com/400/', 'https://via.placeholder.com/400/?text=ICON', '2022-04-25 05:20:27'),
(137, 39, 37.754464, -122.501707, 'Fugiat enim proident sit veniam ut incididunt. Ipsum in commodo in aute adipisicing aliquip ipsum cillum do commodo incididunt minim voluptate occaecat. Elit officia enim fugiat aute enim incididunt fugiat qui deserunt aliqua quis minim velit.', 'https://via.placeholder.com/400/', 'https://via.placeholder.com/400/?text=ICON', '2022-02-15 03:11:38'),
(138, 12, 37.737467, -122.429736, 'Eu ipsum sunt dolor aute commodo pariatur duis officia incididunt dolor culpa voluptate nisi commodo. Elit exercitation occaecat sunt veniam incididunt nostrud consequat nulla. Minim ad consectetur excepteur ad ea duis esse.', 'https://via.placeholder.com/400/', 'https://via.placeholder.com/400/?text=ICON', '2022-03-21 09:14:56'),
(139, 47, 37.697564, -122.453112, 'Qui nisi elit consequat proident. Sunt mollit do culpa dolore Lorem aute sit consectetur nulla in commodo ex occaecat. Minim mollit culpa deserunt quis nostrud fugiat labore veniam cupidatat ipsum.', 'https://via.placeholder.com/400/', 'https://via.placeholder.com/400/?text=ICON', '2022-04-10 04:38:14'),
(140, 6, 37.799040, -122.468231, 'Laboris veniam enim cupidatat tempor do nostrud ipsum nostrud consequat dolore deserunt incididunt nostrud. Nostrud sint elit mollit deserunt veniam adipisicing id fugiat deserunt labore in. Esse Lorem in dolore occaecat non ex deserunt anim quis laboris enim excepteur in.', 'https://via.placeholder.com/400/', 'https://via.placeholder.com/400/?text=ICON', '2022-03-25 01:41:01'),
(141, 10, 37.738626, -122.454617, 'In laboris amet amet duis laborum est amet aliquip Lorem ad veniam. Pariatur eu incididunt proident nisi eu. Incididunt mollit amet ipsum dolor.', 'https://via.placeholder.com/400/', 'https://via.placeholder.com/400/?text=ICON', '2022-04-26 09:52:41'),
(142, 2, 37.738431, -122.472068, 'Nulla esse nulla proident elit nulla Lorem sit. Nulla consequat mollit aliquip occaecat tempor eiusmod eiusmod occaecat minim proident est anim. Aliquip culpa nostrud nisi sunt mollit eiusmod nostrud.', 'https://via.placeholder.com/400/', 'https://via.placeholder.com/400/?text=ICON', '2022-05-09 10:34:32'),
(143, 29, 37.755357, -122.492552, 'Aute qui commodo elit aute magna aliquip aute. Exercitation exercitation id velit ullamco excepteur laborum commodo esse ut laboris. Excepteur ut sint ea exercitation irure.', 'https://via.placeholder.com/400/', 'https://via.placeholder.com/400/?text=ICON', '2022-02-25 03:25:47'),
(144, 47, 37.736187, -122.466329, 'Labore excepteur consectetur cillum dolor proident exercitation tempor sint adipisicing ea aliquip qui nostrud ex. Et exercitation sunt do sunt ea Lorem commodo. Pariatur incididunt ex aliquip incididunt cillum ex esse cupidatat amet elit culpa.', 'https://via.placeholder.com/400/', 'https://via.placeholder.com/400/?text=ICON', '2022-04-09 01:02:53'),
(145, 3, 37.724561, -122.426814, 'Est quis sit anim proident enim duis consequat aliquip voluptate tempor. Consequat magna reprehenderit esse quis irure consequat id cupidatat ex tempor pariatur. Cillum amet labore ex ut ipsum cillum sunt commodo.', 'https://via.placeholder.com/400/', 'https://via.placeholder.com/400/?text=ICON', '2022-05-02 03:14:02');
INSERT INTO `track_202230_locations` (`id`, `animal_id`, `lat`, `lng`, `description`, `photo`, `icon`, `date_create`) VALUES
(146, 38, 37.766271, -122.493897, 'Officia ut enim ad pariatur do irure commodo nisi ea. Ad sit consectetur consectetur ut quis sit exercitation amet. Dolore anim aute id nostrud eiusmod sunt et ipsum enim ut.', 'https://via.placeholder.com/400/', 'https://via.placeholder.com/400/?text=ICON', '2022-02-14 07:02:25'),
(147, 7, 37.757909, -122.501021, 'Nostrud cupidatat commodo minim mollit. Velit non pariatur cillum deserunt. Mollit commodo officia incididunt proident officia sit nulla incididunt cillum.', 'https://via.placeholder.com/400/', 'https://via.placeholder.com/400/?text=ICON', '2022-03-31 12:25:43'),
(148, 4, 37.791260, -122.392672, 'Aliqua enim occaecat nostrud laborum commodo velit reprehenderit. Ullamco dolor enim ullamco aliqua nisi consequat labore consectetur aliquip voluptate amet laborum. Labore consequat sunt enim proident non.', 'https://via.placeholder.com/400/', 'https://via.placeholder.com/400/?text=ICON', '2022-05-12 09:59:03'),
(149, 47, 37.729784, -122.415296, 'Exercitation voluptate in aliqua magna nisi elit ipsum quis sunt est. Sit veniam proident commodo est. Sit eiusmod enim laborum reprehenderit occaecat do adipisicing.', 'https://via.placeholder.com/400/', 'https://via.placeholder.com/400/?text=ICON', '2022-01-21 10:20:25'),
(150, 26, 37.706436, -122.439815, 'Eiusmod anim cupidatat ea nulla quis culpa cillum culpa. Et ex cillum amet ipsum cupidatat excepteur. Ullamco consequat ipsum consequat Lorem.', 'https://via.placeholder.com/400/', 'https://via.placeholder.com/400/?text=ICON', '2022-03-08 11:28:15'),
(151, 45, 37.771407, -122.451769, 'Labore incididunt incididunt nulla adipisicing. Anim est magna esse aliqua ea quis irure minim. Anim nulla nulla laborum est quis.', 'https://via.placeholder.com/400/', 'https://via.placeholder.com/400/?text=ICON', '2022-02-02 08:50:50'),
(152, 19, 37.698355, -122.489082, 'Aute ullamco velit officia amet id velit do. Velit minim cillum commodo consectetur minim eiusmod cupidatat laboris labore. Esse proident id do do velit exercitation aliquip cillum ullamco enim ipsum mollit dolor ipsum.', 'https://via.placeholder.com/400/', 'https://via.placeholder.com/400/?text=ICON', '2022-01-06 11:19:04'),
(153, 34, 37.709713, -122.417264, 'Deserunt aute nisi enim sunt adipisicing adipisicing veniam labore pariatur officia elit. Ea commodo nulla Lorem mollit proident est. Fugiat esse ea in dolor consectetur commodo aliquip consequat magna.', 'https://via.placeholder.com/400/', 'https://via.placeholder.com/400/?text=ICON', '2022-04-23 11:05:38'),
(154, 1, 37.702716, -122.422703, 'Eiusmod amet velit ipsum ea. Amet qui dolor irure pariatur deserunt nisi sit elit. Exercitation labore deserunt cupidatat aliqua culpa ea ea incididunt ex pariatur fugiat.', 'https://via.placeholder.com/400/', 'https://via.placeholder.com/400/?text=ICON', '2022-05-16 04:25:28'),
(155, 35, 37.720666, -122.435401, 'Nisi nostrud amet aliqua consequat est laborum occaecat minim officia tempor pariatur eiusmod. Minim esse velit ullamco magna cupidatat incididunt velit incididunt ullamco nisi amet velit amet enim. Duis non anim anim ex incididunt tempor ipsum cupidatat enim sit.', 'https://via.placeholder.com/400/', 'https://via.placeholder.com/400/?text=ICON', '2022-02-03 12:33:26'),
(156, 7, 37.724418, -122.472715, 'Duis nisi Lorem id voluptate reprehenderit consectetur minim aute. Aliquip duis ullamco dolore sit incididunt non labore exercitation ullamco reprehenderit. Ea dolore laboris aute incididunt labore velit labore id ea proident ullamco anim magna reprehenderit.', 'https://via.placeholder.com/400/', 'https://via.placeholder.com/400/?text=ICON', '2022-04-07 08:58:48'),
(157, 16, 37.745897, -122.481250, 'Esse fugiat ullamco ipsum veniam enim elit pariatur elit proident. Cupidatat minim ex exercitation adipisicing. Ad reprehenderit reprehenderit laborum aute non sunt culpa excepteur aute reprehenderit incididunt.', 'https://via.placeholder.com/400/', 'https://via.placeholder.com/400/?text=ICON', '2022-03-12 02:27:33'),
(158, 1, 37.715066, -122.488140, 'Sunt cupidatat Lorem cupidatat do mollit. Cillum ad velit nostrud mollit. Ut mollit ullamco fugiat laboris culpa culpa mollit fugiat ex qui nostrud deserunt occaecat.', 'https://via.placeholder.com/400/', 'https://via.placeholder.com/400/?text=ICON', '2022-01-19 01:35:52'),
(159, 31, 37.705891, -122.449760, 'Reprehenderit eiusmod est cupidatat aliqua duis pariatur magna laborum fugiat qui dolore veniam. Dolore ullamco commodo nostrud est adipisicing pariatur. Magna tempor excepteur ex ut eu ea.', 'https://via.placeholder.com/400/', 'https://via.placeholder.com/400/?text=ICON', '2022-03-20 09:12:44'),
(160, 28, 37.691983, -122.395771, 'Reprehenderit aliquip anim dolore ea et aute cillum. Dolore eiusmod culpa occaecat aute proident consequat consectetur id consectetur in pariatur Lorem. Aliquip laborum labore sunt officia et est in enim dolor nostrud deserunt sint culpa.', 'https://via.placeholder.com/400/', 'https://via.placeholder.com/400/?text=ICON', '2022-03-17 02:32:55'),
(161, 22, 37.744525, -122.398087, 'Enim ipsum ea irure duis ex consectetur fugiat. Non voluptate veniam ipsum enim. Proident adipisicing reprehenderit cillum nulla aute sint.', 'https://via.placeholder.com/400/', 'https://via.placeholder.com/400/?text=ICON', '2022-02-20 10:10:56'),
(162, 33, 37.714785, -122.410880, 'Tempor id anim commodo ea velit quis qui enim ullamco. Eiusmod duis eu cupidatat cillum aliqua. Tempor incididunt esse velit sunt nisi consectetur id anim aliqua sint minim cillum ipsum occaecat.', 'https://via.placeholder.com/400/', 'https://via.placeholder.com/400/?text=ICON', '2022-03-05 09:25:49'),
(163, 18, 37.699455, -122.414093, 'Culpa commodo cupidatat aliqua consequat velit. Commodo esse magna ipsum aliqua do eu mollit sunt nisi. Id aliqua veniam duis reprehenderit dolor reprehenderit magna aute sunt laborum ipsum deserunt.', 'https://via.placeholder.com/400/', 'https://via.placeholder.com/400/?text=ICON', '2022-03-15 09:07:15'),
(164, 29, 37.740762, -122.404721, 'Irure consequat veniam irure nisi qui labore sunt eu qui voluptate do eu officia laboris. In irure aute commodo anim. Amet eiusmod sit ipsum reprehenderit aute incididunt.', 'https://via.placeholder.com/400/', 'https://via.placeholder.com/400/?text=ICON', '2022-02-11 04:39:22'),
(165, 20, 37.719242, -122.462039, 'Occaecat Lorem irure et ipsum pariatur ullamco. Nisi exercitation esse pariatur dolore non irure mollit voluptate ut est amet occaecat excepteur Lorem. Voluptate in eiusmod nostrud dolor sit.', 'https://via.placeholder.com/400/', 'https://via.placeholder.com/400/?text=ICON', '2022-04-10 02:07:46'),
(166, 6, 37.723082, -122.411901, 'Minim ex ullamco officia ex amet minim laborum sunt ipsum. Veniam elit aute velit do qui dolor dolore amet proident ad velit nisi. In ea aute proident reprehenderit nostrud sint nulla mollit nulla in tempor exercitation elit.', 'https://via.placeholder.com/400/', 'https://via.placeholder.com/400/?text=ICON', '2022-05-23 11:26:02'),
(167, 20, 37.797782, -122.396834, 'Mollit magna qui incididunt voluptate. Elit dolor eiusmod proident enim minim enim dolor tempor veniam. Eiusmod aliqua officia eiusmod esse dolore est commodo elit adipisicing incididunt sit proident dolor.', 'https://via.placeholder.com/400/', 'https://via.placeholder.com/400/?text=ICON', '2022-04-16 05:01:24'),
(168, 15, 37.782971, -122.440827, 'Enim ut incididunt magna voluptate aute commodo minim aliquip ex irure aute est laborum. Sit et est incididunt esse duis mollit mollit eu laboris non non eiusmod adipisicing aliquip. Lorem minim sit pariatur commodo eiusmod duis deserunt esse officia exercitation pariatur commodo.', 'https://via.placeholder.com/400/', 'https://via.placeholder.com/400/?text=ICON', '2022-03-25 01:31:50'),
(169, 2, 37.765058, -122.500287, 'Duis ea dolore velit quis sit. Sunt id cillum laborum sit eiusmod tempor labore laborum duis anim. Voluptate veniam aliquip sit sit minim adipisicing.', 'https://via.placeholder.com/400/', 'https://via.placeholder.com/400/?text=ICON', '2022-04-21 04:03:08'),
(170, 45, 37.714669, -122.488370, 'Exercitation pariatur cillum cillum consectetur et nisi reprehenderit enim adipisicing esse non irure consequat id. Adipisicing in sit aute ex magna proident velit. Ea adipisicing ullamco laborum sit nostrud amet cupidatat consequat commodo anim elit.', 'https://via.placeholder.com/400/', 'https://via.placeholder.com/400/?text=ICON', '2022-01-24 07:36:58'),
(171, 3, 37.692667, -122.439039, 'Qui sint enim eiusmod amet cupidatat veniam dolor non minim ad laborum. Voluptate esse nisi et occaecat pariatur cillum Lorem irure aute et. Lorem culpa adipisicing deserunt ipsum laboris exercitation adipisicing ut.', 'https://via.placeholder.com/400/', 'https://via.placeholder.com/400/?text=ICON', '2022-01-03 05:24:16'),
(172, 18, 37.761099, -122.458344, 'Mollit est velit elit consectetur mollit. Elit et consequat elit ea ullamco labore. Minim in aliqua duis cillum veniam.', 'https://via.placeholder.com/400/', 'https://via.placeholder.com/400/?text=ICON', '2022-04-27 07:34:29'),
(173, 20, 37.747416, -122.490449, 'Dolor qui nulla do et ullamco eiusmod aliquip. Anim reprehenderit veniam enim nostrud velit duis esse consequat. Commodo laboris qui labore commodo mollit magna amet.', 'https://via.placeholder.com/400/', 'https://via.placeholder.com/400/?text=ICON', '2022-01-14 08:45:54'),
(174, 1, 37.716460, -122.390485, 'Duis veniam aliquip adipisicing aliqua aliquip ex quis ut officia. Laboris ipsum officia tempor ea esse amet enim aliqua aliquip labore Lorem esse dolor officia. Aute non amet ipsum non do id laborum nostrud officia.', 'https://via.placeholder.com/400/', 'https://via.placeholder.com/400/?text=ICON', '2022-04-12 09:24:40'),
(175, 39, 37.797980, -122.428105, 'Exercitation enim sint incididunt dolore minim aliquip do adipisicing reprehenderit culpa. Elit proident reprehenderit Lorem ex proident laboris exercitation exercitation adipisicing et proident est. Amet occaecat proident excepteur commodo labore do aute quis.', 'https://via.placeholder.com/400/', 'https://via.placeholder.com/400/?text=ICON', '2022-03-11 10:44:26'),
(176, 14, 37.795527, -122.441102, 'Exercitation occaecat ad dolore Lorem. Dolor magna ullamco eiusmod Lorem eiusmod officia do exercitation. Ullamco eu duis elit minim veniam cupidatat ad ipsum dolore laboris commodo nisi.', 'https://via.placeholder.com/400/', 'https://via.placeholder.com/400/?text=ICON', '2022-03-11 10:37:00'),
(177, 36, 37.795487, -122.467245, 'Labore est dolor non consequat id incididunt ullamco nostrud. Dolor duis dolor Lorem velit. Commodo dolor in dolor labore Lorem in voluptate occaecat voluptate velit.', 'https://via.placeholder.com/400/', 'https://via.placeholder.com/400/?text=ICON', '2022-05-02 10:03:19'),
(178, 50, 37.739350, -122.422770, 'Eiusmod quis cupidatat voluptate qui irure consectetur veniam labore. Ullamco cillum nulla ut in consequat ipsum id culpa. Aute ullamco deserunt laboris sit.', 'https://via.placeholder.com/400/', 'https://via.placeholder.com/400/?text=ICON', '2022-01-15 10:08:09'),
(179, 45, 37.690404, -122.412247, 'Enim magna cupidatat aliqua cupidatat ex ea. Culpa consequat fugiat id laboris id nisi minim quis id exercitation. Amet amet reprehenderit dolor labore exercitation do duis Lorem culpa velit dolore eiusmod.', 'https://via.placeholder.com/400/', 'https://via.placeholder.com/400/?text=ICON', '2022-05-21 11:01:53'),
(180, 31, 37.712217, -122.411403, 'Adipisicing proident commodo quis est dolor aliquip. Veniam nisi do mollit sit ex. Dolor Lorem reprehenderit voluptate labore anim velit consectetur tempor et.', 'https://via.placeholder.com/400/', 'https://via.placeholder.com/400/?text=ICON', '2022-05-13 08:02:22'),
(181, 35, 37.768952, -122.442367, 'Nisi non dolore Lorem duis enim deserunt minim eu elit duis consequat nulla. Eu elit ut sint ea ea. Aliqua dolore magna elit occaecat sunt elit proident esse.', 'https://via.placeholder.com/400/', 'https://via.placeholder.com/400/?text=ICON', '2022-02-25 01:29:41'),
(182, 9, 37.740849, -122.446681, 'Eiusmod cillum quis enim irure. Do aute esse cillum sint irure. Dolor commodo ut officia do proident nisi.', 'https://via.placeholder.com/400/', 'https://via.placeholder.com/400/?text=ICON', '2022-05-21 01:26:59'),
(183, 48, 37.802353, -122.469715, 'Voluptate officia ipsum ad cupidatat officia adipisicing nulla duis. Enim proident nulla magna sint adipisicing aute quis occaecat officia ipsum sint nisi sit nulla. Dolor mollit ex minim qui eiusmod sunt mollit exercitation esse aliquip quis nisi amet.', 'https://via.placeholder.com/400/', 'https://via.placeholder.com/400/?text=ICON', '2022-01-17 12:29:44'),
(184, 24, 37.754837, -122.395478, 'Aliquip pariatur nisi amet cillum Lorem ut consectetur incididunt officia eu adipisicing do. Nisi elit eu nisi cillum cillum in et. Non ullamco veniam pariatur incididunt ex Lorem nostrud laboris fugiat ipsum quis.', 'https://via.placeholder.com/400/', 'https://via.placeholder.com/400/?text=ICON', '2022-01-10 02:18:10'),
(185, 21, 37.754013, -122.432709, 'Laborum et deserunt enim excepteur officia. Eu nulla minim quis voluptate. Laborum Lorem minim consectetur reprehenderit exercitation est mollit velit.', 'https://via.placeholder.com/400/', 'https://via.placeholder.com/400/?text=ICON', '2022-04-03 01:58:32'),
(186, 43, 37.787744, -122.397509, 'Commodo aliqua culpa commodo aute cillum non mollit cupidatat Lorem Lorem deserunt nisi sint consequat. Lorem qui eiusmod commodo culpa ad tempor aute reprehenderit adipisicing exercitation irure tempor aliqua. Aliqua ad amet magna esse esse ad eiusmod dolor non.', 'https://via.placeholder.com/400/', 'https://via.placeholder.com/400/?text=ICON', '2022-04-03 07:16:08'),
(187, 42, 37.763272, -122.453848, 'Sit pariatur do qui fugiat Lorem pariatur in consequat nostrud Lorem voluptate est culpa. Occaecat fugiat qui pariatur officia et ipsum minim tempor commodo mollit incididunt pariatur. Mollit incididunt occaecat commodo do dolore eu cupidatat aliquip ex.', 'https://via.placeholder.com/400/', 'https://via.placeholder.com/400/?text=ICON', '2022-04-07 11:05:06'),
(188, 5, 37.757372, -122.411292, 'In proident velit aliquip commodo pariatur nulla. Et mollit eu laborum ut proident irure aliquip do pariatur pariatur sit. Pariatur laborum non deserunt labore ad.', 'https://via.placeholder.com/400/', 'https://via.placeholder.com/400/?text=ICON', '2022-02-12 05:11:26'),
(189, 35, 37.758681, -122.489995, 'Dolore irure ut labore ea veniam id elit sint. Sint dolore eiusmod consectetur duis sunt incididunt ad. Ex sit veniam ipsum amet anim.', 'https://via.placeholder.com/400/', 'https://via.placeholder.com/400/?text=ICON', '2022-03-03 06:00:18'),
(190, 19, 37.690697, -122.442554, 'Consequat occaecat labore Lorem excepteur ut proident exercitation eiusmod. Dolor occaecat ullamco sint sint minim eu. Dolore ut ea sit esse incididunt commodo ullamco officia ad minim duis adipisicing nisi id.', 'https://via.placeholder.com/400/', 'https://via.placeholder.com/400/?text=ICON', '2022-03-10 02:13:20'),
(191, 33, 37.745897, -122.389363, 'Nostrud do ipsum culpa exercitation. Magna ad id officia sint reprehenderit voluptate eiusmod quis. Quis occaecat amet amet eiusmod incididunt amet sint tempor nisi culpa culpa anim veniam est.', 'https://via.placeholder.com/400/', 'https://via.placeholder.com/400/?text=ICON', '2022-01-05 06:48:11'),
(192, 30, 37.755571, -122.454952, 'Esse officia labore qui ex. Proident nulla ullamco occaecat culpa consequat culpa labore ea. Amet qui esse laboris amet sint sunt reprehenderit adipisicing voluptate esse mollit labore ea.', 'https://via.placeholder.com/400/', 'https://via.placeholder.com/400/?text=ICON', '2022-02-07 05:01:14'),
(193, 15, 37.750569, -122.467146, 'Duis ex duis esse est. Esse cillum mollit qui est aliqua fugiat deserunt nostrud id non sint ullamco. Aute ad est cillum sint deserunt et consectetur officia eu ullamco esse veniam.', 'https://via.placeholder.com/400/', 'https://via.placeholder.com/400/?text=ICON', '2022-04-29 05:04:42'),
(194, 5, 37.738231, -122.482296, 'Occaecat non veniam ipsum magna esse. Commodo culpa consequat exercitation id mollit Lorem non incididunt ipsum ea aute sunt. Esse aute eiusmod non adipisicing elit.', 'https://via.placeholder.com/400/', 'https://via.placeholder.com/400/?text=ICON', '2022-02-13 08:31:19'),
(195, 35, 37.752675, -122.420244, 'Minim dolor laboris cillum id minim consequat excepteur. Laboris culpa culpa irure occaecat irure. Aliquip laboris esse tempor ad minim ea eu irure aliqua quis aliquip.', 'https://via.placeholder.com/400/', 'https://via.placeholder.com/400/?text=ICON', '2022-05-07 03:24:10'),
(196, 47, 37.743851, -122.406651, 'Cupidatat magna deserunt aute sit aute excepteur excepteur laborum quis deserunt. Magna enim deserunt est aliquip do aliquip deserunt qui. Anim sint reprehenderit ad et id et occaecat excepteur.', 'https://via.placeholder.com/400/', 'https://via.placeholder.com/400/?text=ICON', '2022-04-24 01:24:03'),
(197, 5, 37.745301, -122.403635, 'Deserunt do dolore aliquip reprehenderit tempor incididunt id pariatur sit nisi. Velit ad labore magna cillum deserunt ut esse id id ullamco in. Aliquip esse officia reprehenderit eiusmod.', 'https://via.placeholder.com/400/', 'https://via.placeholder.com/400/?text=ICON', '2022-05-05 07:07:44'),
(198, 12, 37.729689, -122.463565, 'Cillum tempor pariatur ut dolore ex irure nisi. Adipisicing incididunt occaecat ullamco cupidatat duis deserunt tempor cupidatat adipisicing. Nostrud fugiat velit do et nostrud ipsum aute.', 'https://via.placeholder.com/400/', 'https://via.placeholder.com/400/?text=ICON', '2022-04-29 02:09:11'),
(199, 6, 37.700150, -122.443840, 'Deserunt labore aute magna sit dolor nostrud duis esse est consectetur. Ex cupidatat sit nulla veniam aute minim pariatur aute elit cillum. Ullamco consequat Lorem dolor proident.', 'https://via.placeholder.com/400/', 'https://via.placeholder.com/400/?text=ICON', '2022-01-29 08:21:29'),
(200, 32, 37.730480, -122.414628, 'Voluptate irure amet qui non tempor reprehenderit aute duis aliqua quis. Duis eu ex enim tempor. Fugiat aliqua aliquip consequat minim elit ad adipisicing sit labore incididunt do aliquip.', 'https://via.placeholder.com/400/', 'https://via.placeholder.com/400/?text=ICON', '2022-01-18 06:37:39'),
(201, 8, 37.788844, -122.502642, 'Voluptate consectetur qui esse tempor consequat laboris dolore. Elit officia nostrud voluptate ex commodo sint veniam ea enim esse mollit ut quis. Do mollit officia cillum proident incididunt culpa id do nostrud cillum ex.', 'https://via.placeholder.com/400/', 'https://via.placeholder.com/400/?text=ICON', '2022-02-24 01:45:20'),
(202, 29, 37.713037, -122.454378, 'Incididunt nostrud eu non ipsum minim magna nostrud adipisicing. Deserunt reprehenderit nostrud fugiat adipisicing. Velit cupidatat sunt veniam ullamco reprehenderit nulla dolore deserunt.', 'https://via.placeholder.com/400/', 'https://via.placeholder.com/400/?text=ICON', '2022-01-15 03:59:05'),
(203, 6, 37.784244, -122.404916, 'Do reprehenderit exercitation proident voluptate. Sunt qui aliquip proident consequat nulla sit ad ullamco fugiat ut qui aute. Proident voluptate ex incididunt exercitation.', 'https://via.placeholder.com/400/', 'https://via.placeholder.com/400/?text=ICON', '2022-04-28 09:12:05'),
(204, 16, 37.758139, -122.396517, 'Quis est consequat non non proident elit aliquip excepteur eu Lorem nisi consequat ad ipsum. Cupidatat laborum aliqua do deserunt. Ea minim irure voluptate deserunt deserunt.', 'https://via.placeholder.com/400/', 'https://via.placeholder.com/400/?text=ICON', '2022-03-24 04:58:23'),
(205, 12, 37.766648, -122.470796, 'Tempor eu exercitation voluptate commodo minim ullamco laborum consequat. Duis esse culpa incididunt ea ut commodo cillum velit magna ad occaecat. Elit aliquip quis magna sunt elit incididunt commodo irure amet.', 'https://via.placeholder.com/400/', 'https://via.placeholder.com/400/?text=ICON', '2022-05-17 08:47:40'),
(206, 27, 37.795072, -122.449829, 'Deserunt est sunt nostrud sint deserunt velit commodo eu in id ad. Esse deserunt exercitation Lorem enim consequat ut tempor sunt culpa sit ipsum duis enim dolor. Id eiusmod consequat ea quis incididunt in nisi enim occaecat.', 'https://via.placeholder.com/400/', 'https://via.placeholder.com/400/?text=ICON', '2022-04-30 06:56:58'),
(207, 28, 37.703993, -122.420690, 'Ea elit sint dolore veniam. Qui irure Lorem voluptate qui esse. Amet velit nostrud elit amet velit nostrud pariatur aliquip magna nisi proident proident sunt.', 'https://via.placeholder.com/400/', 'https://via.placeholder.com/400/?text=ICON', '2022-03-13 03:37:31'),
(208, 3, 37.752317, -122.498924, 'Nostrud est in officia sit ullamco dolore in id deserunt deserunt minim aliqua voluptate aliqua. Aute tempor aute aute ea sunt qui nostrud. Adipisicing ipsum dolor do ad non quis esse consectetur in laborum voluptate tempor.', 'https://via.placeholder.com/400/', 'https://via.placeholder.com/400/?text=ICON', '2022-02-05 12:26:24'),
(209, 43, 37.706087, -122.497541, 'Mollit do ea nostrud ad consectetur laborum consectetur. Aute veniam Lorem Lorem consectetur eiusmod magna. Sit aliquip Lorem sunt mollit nostrud tempor in incididunt.', 'https://via.placeholder.com/400/', 'https://via.placeholder.com/400/?text=ICON', '2022-03-10 06:55:06'),
(210, 8, 37.761572, -122.406451, 'Lorem laborum mollit mollit ea velit magna consectetur officia magna adipisicing et reprehenderit. Occaecat aliqua duis nulla cillum eiusmod ex nulla est ex mollit ad pariatur. Anim eiusmod sit commodo et dolore veniam enim voluptate in enim qui duis non.', 'https://via.placeholder.com/400/', 'https://via.placeholder.com/400/?text=ICON', '2022-02-14 06:23:06'),
(211, 49, 37.779703, -122.427333, 'Exercitation esse nisi esse laborum aliqua. Eu cillum nulla officia ipsum dolor sit laborum labore incididunt anim duis irure reprehenderit est. Proident est officia amet eu reprehenderit proident commodo incididunt excepteur deserunt officia laborum.', 'https://via.placeholder.com/400/', 'https://via.placeholder.com/400/?text=ICON', '2022-04-07 01:07:58'),
(212, 12, 37.740340, -122.475053, 'Ad dolor amet aliquip cupidatat adipisicing dolore elit consectetur labore sit aute. Qui minim laborum tempor duis dolore est. Ullamco id voluptate aliqua fugiat occaecat dolor est excepteur amet culpa culpa veniam eu.', 'https://via.placeholder.com/400/', 'https://via.placeholder.com/400/?text=ICON', '2022-01-25 02:24:51'),
(213, 46, 37.733152, -122.477284, 'Dolore elit eu veniam culpa nostrud ullamco ipsum. Labore ullamco nisi qui velit adipisicing cupidatat. Laboris consectetur aliqua dolor veniam culpa aliqua Lorem magna.', 'https://via.placeholder.com/400/', 'https://via.placeholder.com/400/?text=ICON', '2022-03-12 01:12:01'),
(214, 46, 37.711538, -122.422143, 'Quis reprehenderit laborum aliquip deserunt cupidatat est tempor magna. Amet tempor in aute ad reprehenderit. Aliqua et qui ea et adipisicing.', 'https://via.placeholder.com/400/', 'https://via.placeholder.com/400/?text=ICON', '2022-05-15 03:21:28'),
(215, 2, 37.742695, -122.395064, 'Amet culpa ut eu amet tempor amet dolor non non ea ea irure sint ipsum. Cillum amet et est do et Lorem elit esse. Sunt quis ad culpa consectetur mollit nostrud est adipisicing ad nostrud qui deserunt.', 'https://via.placeholder.com/400/', 'https://via.placeholder.com/400/?text=ICON', '2022-05-19 12:40:44'),
(216, 14, 37.772308, -122.397091, 'Anim aute culpa est sunt velit. In eiusmod id aute tempor dolore proident ea sunt officia est excepteur Lorem. Nisi tempor ipsum aliquip laboris voluptate minim velit commodo adipisicing velit consectetur.', 'https://via.placeholder.com/400/', 'https://via.placeholder.com/400/?text=ICON', '2022-01-31 07:01:56'),
(217, 12, 37.738342, -122.454235, 'Deserunt et eiusmod eiusmod mollit qui eu esse fugiat culpa tempor. Sint exercitation esse ullamco aute laborum. Reprehenderit cillum ad cupidatat aliqua quis laborum labore consectetur.', 'https://via.placeholder.com/400/', 'https://via.placeholder.com/400/?text=ICON', '2022-04-30 07:41:58'),
(218, 11, 37.748725, -122.400093, 'Nulla sunt deserunt culpa quis adipisicing non laboris nostrud esse non aliquip occaecat ex. Dolore pariatur reprehenderit eiusmod aute nisi officia incididunt nulla eiusmod eu voluptate. Excepteur laboris aute dolor consequat ut Lorem irure cupidatat qui reprehenderit.', 'https://via.placeholder.com/400/', 'https://via.placeholder.com/400/?text=ICON', '2022-02-10 09:37:48'),
(219, 15, 37.788116, -122.463282, 'Minim ullamco nisi est deserunt. Culpa mollit Lorem incididunt id ut consequat mollit exercitation non voluptate sit enim aliquip exercitation. Consequat voluptate magna nisi officia occaecat eu.', 'https://via.placeholder.com/400/', 'https://via.placeholder.com/400/?text=ICON', '2022-01-12 10:53:03'),
(220, 50, 37.724815, -122.477819, 'Dolore fugiat do officia voluptate duis exercitation non. In proident id aute anim veniam est adipisicing veniam irure. Sit voluptate excepteur tempor aliqua laboris est reprehenderit nisi nostrud minim nulla ad dolore ullamco.', 'https://via.placeholder.com/400/', 'https://via.placeholder.com/400/?text=ICON', '2022-03-29 11:29:26'),
(221, 12, 37.707311, -122.437344, 'Officia ullamco quis aute do. Ullamco et eu incididunt Lorem amet elit. Incididunt aliqua aliquip ea officia.', 'https://via.placeholder.com/400/', 'https://via.placeholder.com/400/?text=ICON', '2022-05-09 12:06:11'),
(222, 2, 37.713587, -122.487666, 'Aliqua ex nisi aliquip voluptate qui ipsum Lorem fugiat. Aute nisi quis voluptate amet voluptate Lorem laboris consequat fugiat ea. In anim ad excepteur excepteur do non irure veniam.', 'https://via.placeholder.com/400/', 'https://via.placeholder.com/400/?text=ICON', '2022-02-10 04:50:23'),
(223, 33, 37.801183, -122.408057, 'Laboris nisi laboris sint fugiat. Lorem ut magna nulla enim amet aliquip sunt do ut proident. Sit est cupidatat veniam in ullamco officia mollit non.', 'https://via.placeholder.com/400/', 'https://via.placeholder.com/400/?text=ICON', '2022-01-04 07:23:38'),
(224, 30, 37.770351, -122.398457, 'Mollit aliquip enim sunt ullamco cupidatat labore id qui proident aliquip elit deserunt. Excepteur cillum esse proident excepteur nostrud elit. Officia adipisicing cillum id commodo sint tempor non veniam cupidatat aliqua aliquip.', 'https://via.placeholder.com/400/', 'https://via.placeholder.com/400/?text=ICON', '2022-02-11 03:35:30'),
(225, 30, 37.728211, -122.460197, 'Non deserunt proident cupidatat consectetur ea aute minim minim officia. Sit sit laboris enim qui. Pariatur reprehenderit nulla proident nostrud enim consectetur aute.', 'https://via.placeholder.com/400/', 'https://via.placeholder.com/400/?text=ICON', '2022-04-07 09:50:07'),
(226, 37, 37.779277, -122.444768, 'Fugiat qui qui cupidatat esse et do enim culpa fugiat exercitation nostrud pariatur. Laborum dolor officia occaecat mollit qui. Nisi laborum laboris est in culpa.', 'https://via.placeholder.com/400/', 'https://via.placeholder.com/400/?text=ICON', '2022-04-08 11:22:37'),
(227, 48, 37.788822, -122.423227, 'Eiusmod Lorem pariatur aliqua esse mollit adipisicing ea in consectetur magna eu culpa est. Velit cupidatat ut velit adipisicing ad minim cupidatat dolor irure esse eiusmod enim incididunt. Velit officia voluptate amet est est enim deserunt ullamco ea velit velit enim.', 'https://via.placeholder.com/400/', 'https://via.placeholder.com/400/?text=ICON', '2022-01-25 03:42:00'),
(228, 30, 37.751450, -122.472806, 'Aute eiusmod id irure ut deserunt ullamco in consequat in. Ut sint elit in Lorem in. Est sunt esse deserunt sint proident duis adipisicing.', 'https://via.placeholder.com/400/', 'https://via.placeholder.com/400/?text=ICON', '2022-05-16 10:34:42'),
(229, 8, 37.778575, -122.498192, 'Nostrud fugiat tempor irure do reprehenderit quis labore culpa et qui do magna irure. Exercitation dolor ad est id quis in sit do. Officia sit occaecat ut aute officia ex cillum.', 'https://via.placeholder.com/400/', 'https://via.placeholder.com/400/?text=ICON', '2022-04-24 03:35:22'),
(230, 34, 37.767195, -122.459108, 'Veniam labore magna dolore nisi voluptate ad et voluptate laboris id labore aliqua mollit. Sunt ut aliquip incididunt laborum. Cupidatat laboris irure ex laborum adipisicing cillum dolore duis.', 'https://via.placeholder.com/400/', 'https://via.placeholder.com/400/?text=ICON', '2022-01-31 12:46:11'),
(231, 45, 37.716237, -122.469575, 'Labore dolor mollit do mollit elit sunt incididunt do. Anim consequat irure esse velit ex. Cupidatat sit labore duis esse elit elit.', 'https://via.placeholder.com/400/', 'https://via.placeholder.com/400/?text=ICON', '2022-02-24 02:10:09'),
(232, 32, 37.783993, -122.420405, 'Eu nostrud sint nisi nisi aliquip occaecat esse nostrud commodo ut laborum cupidatat fugiat. Sit velit exercitation incididunt id Lorem aliqua sit Lorem ullamco consectetur quis sint magna esse. Cupidatat culpa nulla esse culpa aliquip dolor velit.', 'https://via.placeholder.com/400/', 'https://via.placeholder.com/400/?text=ICON', '2022-04-26 09:21:43'),
(233, 45, 37.704609, -122.421999, 'Aute in laborum nostrud eiusmod mollit ad mollit tempor labore sunt commodo ad. Commodo dolor sunt amet non ex esse excepteur in nostrud. Pariatur ut cillum consequat culpa enim laborum nostrud anim eu ea qui duis fugiat.', 'https://via.placeholder.com/400/', 'https://via.placeholder.com/400/?text=ICON', '2022-02-13 05:14:07'),
(234, 10, 37.702083, -122.444022, 'Adipisicing et dolore pariatur Lorem consequat consequat pariatur minim voluptate eu velit laboris Lorem. Esse nostrud id sint consequat esse. Do culpa commodo veniam tempor et eiusmod ad ipsum velit.', 'https://via.placeholder.com/400/', 'https://via.placeholder.com/400/?text=ICON', '2022-02-25 03:12:00'),
(235, 43, 37.725940, -122.492412, 'Minim do do magna esse sit aliqua in quis et fugiat do cupidatat. Id aliquip aute laborum laborum dolore deserunt fugiat non nostrud officia nulla voluptate laborum. Adipisicing irure amet dolor elit eu do id cillum ex.', 'https://via.placeholder.com/400/', 'https://via.placeholder.com/400/?text=ICON', '2022-02-14 05:00:05'),
(236, 5, 37.730249, -122.396893, 'Pariatur aliqua qui veniam esse. Non sunt do aliquip non incididunt cupidatat. Enim duis esse nisi sint ipsum aliqua elit ullamco magna.', 'https://via.placeholder.com/400/', 'https://via.placeholder.com/400/?text=ICON', '2022-01-19 04:12:06'),
(237, 29, 37.712769, -122.434594, 'Voluptate velit id irure laborum commodo aute nisi do excepteur sunt ad occaecat. Laborum laboris ad non magna ullamco sint reprehenderit labore. Occaecat tempor do Lorem Lorem duis proident nulla sunt nostrud ea.', 'https://via.placeholder.com/400/', 'https://via.placeholder.com/400/?text=ICON', '2022-03-30 07:34:05'),
(238, 2, 37.696776, -122.457135, 'Esse officia occaecat ut nulla magna ad deserunt eu anim esse duis. Dolor aliquip laboris voluptate ipsum magna proident pariatur pariatur excepteur officia amet sit cupidatat duis. Non ullamco dolor aute elit mollit.', 'https://via.placeholder.com/400/', 'https://via.placeholder.com/400/?text=ICON', '2022-04-20 08:32:12'),
(239, 14, 37.719222, -122.402563, 'Duis adipisicing consequat irure dolor ea consectetur exercitation reprehenderit non cillum consequat dolore. In non do quis exercitation adipisicing exercitation Lorem exercitation excepteur esse quis esse tempor commodo. Non eiusmod eiusmod fugiat fugiat aliqua quis est ut Lorem velit elit non veniam.', 'https://via.placeholder.com/400/', 'https://via.placeholder.com/400/?text=ICON', '2022-01-03 09:24:13'),
(240, 14, 37.763845, -122.450805, 'Esse labore quis quis et exercitation veniam. Nostrud fugiat magna occaecat mollit aute ullamco ullamco labore velit reprehenderit anim occaecat duis. Commodo ad qui minim proident sint sint non mollit labore nisi.', 'https://via.placeholder.com/400/', 'https://via.placeholder.com/400/?text=ICON', '2022-05-10 12:31:12'),
(241, 44, 37.746841, -122.478110, 'Cupidatat cupidatat cupidatat enim sint cupidatat esse occaecat cupidatat cupidatat et ullamco. Labore esse est ea laboris et mollit nisi eu. Amet sit non irure elit adipisicing.', 'https://via.placeholder.com/400/', 'https://via.placeholder.com/400/?text=ICON', '2022-04-22 12:45:40'),
(242, 1, 37.765006, -122.420962, 'Cillum enim dolor eu velit dolore amet consectetur nulla. Pariatur aliquip id eu elit culpa labore commodo eiusmod duis excepteur do deserunt. Anim consequat eiusmod consequat elit ex ex sint ea quis duis ut mollit quis.', 'https://via.placeholder.com/400/', 'https://via.placeholder.com/400/?text=ICON', '2022-05-08 02:53:11'),
(243, 18, 37.755697, -122.495701, 'Ea et adipisicing aute elit laborum elit. Culpa non nostrud non incididunt voluptate occaecat do fugiat esse excepteur quis. Excepteur anim voluptate enim ipsum elit.', 'https://via.placeholder.com/400/', 'https://via.placeholder.com/400/?text=ICON', '2022-05-09 08:20:52'),
(244, 21, 37.746701, -122.442254, 'Mollit duis duis dolore duis et eiusmod eu pariatur. Est aute et irure anim irure proident sit laboris cillum duis minim ex. Velit non consequat ex officia.', 'https://via.placeholder.com/400/', 'https://via.placeholder.com/400/?text=ICON', '2022-04-07 10:56:16'),
(245, 8, 37.764035, -122.415215, 'Sit tempor officia reprehenderit enim laboris ex nostrud eu occaecat esse ea. Cupidatat proident commodo velit duis cupidatat excepteur ipsum sint commodo veniam. Est eiusmod elit veniam non pariatur enim amet cupidatat occaecat irure aliquip tempor Lorem.', 'https://via.placeholder.com/400/', 'https://via.placeholder.com/400/?text=ICON', '2022-03-17 03:53:13'),
(246, 40, 37.695519, -122.463987, 'Lorem ea ut sunt cillum velit laboris id tempor reprehenderit aliquip consequat elit laborum eu. Pariatur magna non cillum cillum duis nulla et aliqua mollit ex magna adipisicing id aliquip. Magna elit eu quis proident consequat pariatur aliquip sint consectetur et nisi consequat est aliquip.', 'https://via.placeholder.com/400/', 'https://via.placeholder.com/400/?text=ICON', '2022-01-12 11:23:56'),
(247, 7, 37.788389, -122.443279, 'Non qui aliqua nisi mollit nisi amet aliqua. Reprehenderit reprehenderit reprehenderit qui proident adipisicing voluptate. Qui adipisicing qui nostrud elit magna deserunt qui labore ex magna.', 'https://via.placeholder.com/400/', 'https://via.placeholder.com/400/?text=ICON', '2022-04-05 06:46:57'),
(248, 2, 37.692548, -122.437234, 'Consequat nostrud et nostrud cupidatat do sint fugiat eu pariatur voluptate mollit elit veniam. Ipsum mollit occaecat elit est enim est irure quis velit qui est. Dolore et ex eiusmod ad nisi nulla est nulla culpa.', 'https://via.placeholder.com/400/', 'https://via.placeholder.com/400/?text=ICON', '2022-04-19 02:41:01'),
(249, 17, 37.794708, -122.403279, 'Velit est laborum fugiat id deserunt commodo ea pariatur incididunt consectetur aliqua proident commodo. Commodo ex sint reprehenderit incididunt sit adipisicing velit cillum qui. Ullamco proident do cupidatat dolore culpa magna reprehenderit elit qui voluptate voluptate amet.', 'https://via.placeholder.com/400/', 'https://via.placeholder.com/400/?text=ICON', '2022-02-10 07:40:48'),
(250, 48, 37.775526, -122.477978, 'Elit elit est proident est exercitation elit cupidatat reprehenderit exercitation nulla nulla nostrud laborum pariatur. Et voluptate magna aute eu dolor reprehenderit commodo consectetur ad aliquip. Id minim dolor dolore aliqua do magna fugiat excepteur et et quis aliqua amet.', 'https://via.placeholder.com/400/', 'https://via.placeholder.com/400/?text=ICON', '2022-02-26 07:21:24'),
(251, 2, 37.775388, -122.432222, 'test', 'https://via.placeholder.com/400/?text=PHOTO', 'https://via.placeholder.com/400/?text=ICON', '2022-05-23 16:29:23'),
(252, 36, 37.748865, -122.450438, 'had a good time here', 'https://via.placeholder.com/400/?text=PHOTO', 'https://via.placeholder.com/400/?text=ICON', '2022-05-23 22:06:23'),
(253, 36, 37.789981, -122.447433, 'aa', 'https://via.placeholder.com/400/?text=PHOTO', 'https://via.placeholder.com/400/?text=ICON', '2022-05-23 22:14:18'),
(254, 5, 37.748865, -122.450438, 'sdasdasd', 'https://via.placeholder.com/400/?text=PHOTO', 'https://via.placeholder.com/400/?text=ICON', '2022-05-23 22:27:52'),
(255, 51, 37.742283, -122.437338, 'new', 'https://via.placeholder.com/400/?text=PHOTO', 'https://via.placeholder.com/400/?text=ICON', '2022-05-23 22:31:12'),
(256, 52, 37.759939, -122.445963, 'read a book here', 'https://via.placeholder.com/400/?text=PHOTO', 'https://via.placeholder.com/400/?text=ICON', '2022-05-23 23:52:29'),
(257, 53, 37.759939, -122.445963, 'read a book here', 'https://via.placeholder.com/400/?text=PHOTO', 'https://via.placeholder.com/400/?text=ICON', '2022-05-23 23:58:42'),
(258, 58, 37.763643, -122.446095, 'read a book here', 'https://via.placeholder.com/400/?text=PHOTO', 'https://via.placeholder.com/400/?text=ICON', '2022-05-24 00:43:05'),
(259, 59, 37.757823, -122.442396, 'worked out here', 'https://via.placeholder.com/400/?text=PHOTO', 'https://via.placeholder.com/400/?text=ICON', '2022-05-24 00:45:17'),
(260, 60, 37.736893, -122.455364, 'piano practice', 'https://via.placeholder.com/400/?text=PHOTO', 'https://via.placeholder.com/400/?text=ICON', '2022-05-24 00:47:17'),
(261, 61, 37.724621, -122.486694, 'running', 'https://via.placeholder.com/400/?text=PHOTO', 'https://via.placeholder.com/400/?text=ICON', '2022-05-24 00:49:41'),
(262, 61, 37.794145, -122.427530, '', 'https://via.placeholder.com/400/?text=PHOTO', 'https://via.placeholder.com/400/?text=ICON', '2022-05-24 01:32:18'),
(263, 61, 37.786719, -122.422703, 'running with my dog', 'https://via.placeholder.com/400/?text=PHOTO', 'https://via.placeholder.com/400/?text=ICON', '2022-05-24 01:32:56'),
(264, 59, 37.820293, -122.402320, 'running with my dog', 'https://via.placeholder.com/400/?text=PHOTO', 'https://via.placeholder.com/400/?text=ICON', '2022-05-24 01:33:12'),
(265, 59, 37.729285, -122.458144, 'running with my dog', 'https://via.placeholder.com/400/?text=PHOTO', 'https://via.placeholder.com/400/?text=ICON', '2022-05-24 01:33:59');

-- --------------------------------------------------------

--
-- Table structure for table `track_202230_users`
--

CREATE TABLE `track_202230_users` (
  `id` int(13) NOT NULL,
  `name` varchar(64) NOT NULL,
  `username` varchar(64) NOT NULL,
  `email` varchar(128) NOT NULL,
  `password` varchar(32) NOT NULL,
  `img` varchar(256) NOT NULL,
  `date_create` datetime NOT NULL
) ENGINE=InnoDB DEFAULT CHARSET=latin1;

--
-- Dumping data for table `track_202230_users`
--

INSERT INTO `track_202230_users` (`id`, `name`, `username`, `email`, `password`, `img`, `date_create`) VALUES
(1, 'Margaret Ramos', 'user1', 'user1@gmail.com', '1a1dc91c907325c69271ddf0c944bc72', 'uploads/1653346868.4415_jan-baborak-4STq2B24S1k-unsplash.jpg', '2022-05-16 11:32:38'),
(2, 'Alfreda Rice', 'user2', 'user2@gmail.com', '1a1dc91c907325c69271ddf0c944bc72', 'https://via.placeholder.com/400/910/fff/?text=user2', '2022-01-24 02:37:50'),
(3, 'Barber Ryan', 'user3', 'user3@gmail.com', '1a1dc91c907325c69271ddf0c944bc72', 'https://via.placeholder.com/400/867/fff/?text=user3', '2022-05-13 06:08:33'),
(4, 'Tara Faulkner', 'user4', 'user4@gmail.com', '1a1dc91c907325c69271ddf0c944bc72', 'https://via.placeholder.com/400/939/fff/?text=user4', '2022-01-11 07:49:47'),
(5, 'Duncan Browning', 'user5', 'user5@gmail.com', '1a1dc91c907325c69271ddf0c944bc72', 'https://via.placeholder.com/400/919/fff/?text=user5', '2022-05-01 07:05:42'),
(6, 'Wagner Alvarado', 'user6', 'user6@gmail.com', '1a1dc91c907325c69271ddf0c944bc72', 'https://via.placeholder.com/400/911/fff/?text=user6', '2022-03-30 02:10:59'),
(7, 'Alma Hardin', 'user7', 'user7@gmail.com', '1a1dc91c907325c69271ddf0c944bc72', 'https://via.placeholder.com/400/713/fff/?text=user7', '2022-05-16 04:05:38'),
(8, 'Butler Hewitt', 'user8', 'user8@gmail.com', '1a1dc91c907325c69271ddf0c944bc72', 'https://via.placeholder.com/400/789/fff/?text=user8', '2022-03-04 11:45:15'),
(9, 'Jan Edwards', 'user9', 'user9@gmail.com', '1a1dc91c907325c69271ddf0c944bc72', 'https://via.placeholder.com/400/738/fff/?text=user9', '2022-01-14 05:25:13'),
(10, 'Flowers Combs', 'user10', 'user10@gmail.com', '1a1dc91c907325c69271ddf0c944bc72', 'https://via.placeholder.com/400/795/fff/?text=user10', '2022-03-18 09:58:02'),
(11, 'David Kyungseok Ma', 'user0', 'user0@giantstep.com', '1a1dc91c907325c69271ddf0c944bc72', 'uploads/1653368193.6601_Screen Shot 2022-05-23 at 9.56.13 PM.png', '2022-05-23 21:54:27');

--
-- Indexes for dumped tables
--

--
-- Indexes for table `track_202230_animals`
--
ALTER TABLE `track_202230_animals`
  ADD PRIMARY KEY (`id`);

--
-- Indexes for table `track_202230_locations`
--
ALTER TABLE `track_202230_locations`
  ADD PRIMARY KEY (`id`);

--
-- Indexes for table `track_202230_users`
--
ALTER TABLE `track_202230_users`
  ADD PRIMARY KEY (`id`);

--
-- AUTO_INCREMENT for dumped tables
--

--
-- AUTO_INCREMENT for table `track_202230_animals`
--
ALTER TABLE `track_202230_animals`
  MODIFY `id` int(13) NOT NULL AUTO_INCREMENT, AUTO_INCREMENT=62;

--
-- AUTO_INCREMENT for table `track_202230_locations`
--
ALTER TABLE `track_202230_locations`
  MODIFY `id` int(13) NOT NULL AUTO_INCREMENT, AUTO_INCREMENT=266;

--
-- AUTO_INCREMENT for table `track_202230_users`
--
ALTER TABLE `track_202230_users`
  MODIFY `id` int(13) NOT NULL AUTO_INCREMENT, AUTO_INCREMENT=12;
COMMIT;

/*!40101 SET CHARACTER_SET_CLIENT=@OLD_CHARACTER_SET_CLIENT */;
/*!40101 SET CHARACTER_SET_RESULTS=@OLD_CHARACTER_SET_RESULTS */;
/*!40101 SET COLLATION_CONNECTION=@OLD_COLLATION_CONNECTION */;
